volume,pct_change,target,date
1194100000,-0.009501531421770348,1,2003-02-20
1398200000,0.013224235631437153,0,2003-02-21
1229200000,-0.01838070921446877,1,2003-02-24
1483700000,0.007194491954433557,0,2003-02-25
1374400000,-0.013141442497345723,1,2003-02-26
1287800000,0.01175764805441637,1,2003-02-27
1373300000,0.004622103695029578,0,2003-02-28
1208900000,-0.007537331833147309,0,2003-03-03
1256600000,-0.015356796590494715,1,2003-03-04
1332700000,0.009562142416504882,0,2003-03-05
1299200000,-0.009339037450146193,1,2003-03-06
1368500000,0.00825938360801004,0,2003-03-07
1255000000,-0.025829764867861593,0,2003-03-10
1427700000,-0.008359340371610902,1,2003-03-11
1620000000,0.0043210845816348264,1,2003-03-12
1816300000,0.03445705851668457,1,2003-03-13
1541900000,0.0016468266341889137,1,2003-03-14
1700420000,0.035426641789776614,1,2003-03-17
1555100000,0.004242091671087467,1,2003-03-18
1473400000,0.008736807914557332,1,2003-03-19
1439100000,0.0018877867120150604,1,2003-03-20
1883710000,0.022976687005213714,0,2003-03-21
1293000000,-0.035231469800648285,1,2003-03-24
1333400000,0.01216112609276121,0,2003-03-25
1319700000,-0.005475887784735178,0,2003-03-26
1232900000,-0.0016437641884197163,0,2003-03-27
1227000000,-0.0057799698548794964,0,2003-03-28
1495500000,-0.017741757179176365,1,2003-03-31
1461600000,0.012143634466636133,1,2003-04-01
1589800000,0.02611597760622275,0,2003-04-02
1339500000,-0.005051665437279529,1,2003-04-03
1241200000,0.0027382775349193977,1,2003-04-04
1494000000,0.001228898128060596,0,2003-04-07
1235400000,-0.0018638012820205718,0,2003-04-08
1293700000,-0.014004472441544569,1,2003-04-09
1275300000,0.00645507098061926,0,2003-04-10
1141600000,-0.0037633140188628733,1,2003-04-11
1131000000,0.0194978612389638,1,2003-04-14
1460200000,0.006303466006527536,0,2003-04-15
1587600000,-0.012236082266628978,1,2003-04-16
1430600000,0.015535730202556941,0,2003-04-17
1118700000,-0.001756985713861292,1,2003-04-21
1631200000,0.021703775898937794,1,2003-04-22
1667200000,0.00839398318470952,0,2003-04-23
1648100000,-0.008258826460973201,0,2003-04-24
1335800000,-0.013846368035506096,1,2003-04-25
1273000000,0.017834725181536504,1,2003-04-28
1525600000,0.003279261851180326,0,2003-04-29
1788510000,-0.0010024012010726446,0,2003-04-30
1397500000,-0.0006761714530636453,1,2003-05-01
1554300000,0.015038774943199495,0,2003-05-02
1446300000,-0.0037954038706478066,1,2003-05-05
1649600000,0.008461526046903867,0,2003-05-06
1531900000,-0.005104955592922011,0,2003-05-07
1379600000,-0.010057846899860223,1,2003-05-08
1326100000,0.014278367581695539,1,2003-05-09
1378800000,0.01253469808943164,0,2003-05-12
1418100000,-0.0029731963497862113,0,2003-05-13
1401800000,-0.003204880118025888,1,2003-05-14
1508700000,0.007867678842073511,0,2003-05-15
1505500000,-0.0025035071988888102,0,2003-05-16
1375700000,-0.02491789533611377,0,2003-05-19
1505300000,-0.0011295318488209194,1,2003-05-20
1457800000,0.004012049753478353,1,2003-05-21
1448500000,0.009150779020831834,1,2003-05-22
1201000000,0.0014486737345456024,1,2003-05-23
1532000000,0.019566672744762537,1,2003-05-27
1559000000,0.001828719752482666,0,2003-05-28
1685800000,-0.0037556452494871273,1,2003-05-29
1688800000,0.014689789806504372,1,2003-05-30
1662500000,0.003538821541832604,1,2003-06-02
1450200000,0.0047156127803451575,1,2003-06-03
1618700000,0.015109712948937926,1,2003-06-04
1693100000,0.0039544375128570675,0,2003-06-05
1837200000,-0.002403705382675203,0,2003-06-06
1307000000,-0.011976610687702172,1,2003-06-09
1275400000,0.009129788249726989,1,2003-06-10
1520000000,0.012834524662487468,1,2003-06-11
1553100000,0.001032631548545826,0,2003-06-12
1271600000,-0.009914797365312644,1,2003-06-13
1345900000,0.02238497001923645,1,2003-06-16
1479700000,0.0009102072927211768,0,2003-06-17
1488900000,-0.001551851739456156,0,2003-06-18
1530100000,-0.01523628017232137,1,2003-06-19
1698000000,0.0009952651274010016,0,2003-06-20
1398100000,-0.014110805329488607,1,2003-06-23
1388300000,0.0018438506291351686,0,2003-06-24
1459200000,-0.00826682066388651,1,2003-06-25
1387400000,0.01076569733128574,0,2003-06-26
1267800000,-0.009738123135835774,0,2003-06-27
1587200000,-0.0017618679751922883,1,2003-06-30
1460200000,0.008024635530239799,1,2003-07-01
1519300000,0.011635711978335683,0,2003-07-02
775900000,-0.00810061664701256,1,2003-07-03
1429100000,0.018991549631018012,1,2003-07-07
1565700000,0.003404993930331335,0,2003-07-08
1618000000,-0.005586208855366204,0,2003-07-09
1465700000,-0.013480218187234994,1,2003-07-10
1212700000,0.009547893521649531,1,2003-07-11
1448900000,0.005730629590217973,0,2003-07-14
1518600000,-0.003426775139564464,0,2003-07-15
1662000000,-0.006327298697367145,0,2003-07-16
1661400000,-0.012433528204499167,1,2003-07-17
1365200000,0.011805717545607441,0,2003-07-18
1254200000,-0.014617665429254467,1,2003-07-21
1439700000,0.009511644538928055,1,2003-07-22
1362700000,0.0005060165441219677,0,2003-07-23
1559000000,-0.00709077378288081,1,2003-07-24
1397500000,0.01740018084214845,0,2003-07-25
1328600000,-0.002162828093455582,0,2003-07-28
1508900000,-0.007265273243362014,0,2003-07-29
1391900000,-0.001809436165179923,1,2003-07-30
1608000000,0.0028557325665139466,0,2003-07-31
1390600000,-0.010259386625984357,1,2003-08-01
1318700000,0.0027240553421934433,0,2003-08-04
1351700000,-0.017663443175954474,1,2003-08-05
1491000000,0.0016779515260274547,1,2003-08-06
1389300000,0.007279623095231225,1,2003-08-07
1086600000,0.0035622220626565504,1,2003-08-08
1022200000,0.0030687710774319754,1,2003-08-11
1132300000,0.009953138889008173,0,2003-08-12
1208800000,-0.00638152819191351,1,2003-08-13
1186800000,0.006585145042149021,1,2003-08-14
636370000,0.00016150583331220325,1,2003-08-15
1127600000,0.009155427620381795,1,2003-08-18
1300600000,0.002610664149736097,0,2003-08-19
1210800000,-0.0020451816659848854,1,2003-08-20
1407100000,0.002969141032215905,0,2003-08-21
1308900000,-0.010176743821595058,1,2003-08-22
971700000,0.0006545671114137619,1,2003-08-25
1178700000,0.003039074206073522,1,2003-08-26
1051400000,6.0194395442580984e-05,1,2003-08-27
1165200000,0.006069532159721502,1,2003-08-28
945100000,0.005155341601558616,1,2003-08-29
1470500000,0.013868890520244426,1,2003-09-02
1675600000,0.0041879366116819305,1,2003-09-03
1453900000,0.00165643655131964,0,2003-09-04
1465200000,-0.006400922441525014,1,2003-09-05
1299300000,0.010035343848087352,0,2003-09-08
1414800000,-0.008210259022540578,0,2003-09-09
1582100000,-0.01197259517441851,1,2003-09-10
1335900000,0.005440588862599238,1,2003-09-11
1236700000,0.0021743196806585097,0,2003-09-12
1151300000,-0.0037501421575130145,1,2003-09-15
1403200000,0.014298192533948706,0,2003-09-16
1338210000,-0.003254552287668133,1,2003-09-17
1498800000,0.013265481193601714,0,2003-09-18
1518600000,-0.003155031229161165,0,2003-09-19
1278800000,-0.01300785570660723,1,2003-09-22
1301700000,0.006071470960860692,0,2003-09-23
1556000000,-0.01909567636960907,0,2003-09-24
1530000000,-0.00605320624740513,0,2003-09-25
1472500000,-0.0063991187021735785,1,2003-09-26
1366500000,0.009760788225115835,0,2003-09-29
1590500000,-0.010540688476405324,1,2003-09-30
1566300000,0.022340030979339787,1,2003-10-01
1269300000,0.00198387341573647,1,2003-10-02
1570500000,0.009419338041586567,1,2003-10-03
1025800000,0.004369568487332165,1,2003-10-06
1279500000,0.004737298332014417,0,2003-10-07
1262500000,-0.005263382923382243,1,2003-10-08
1578700000,0.0047882054514456485,0,2003-10-09
1108100000,-0.0006449432360637886,1,2003-10-10
1040500000,0.00702263508920975,1,2003-10-13
1271900000,0.003950834628850153,0,2003-10-14
1521100000,-0.0025917318612500573,1,2003-10-15
1417700000,0.003162077737550062,0,2003-10-16
1352000000,-0.010237413267554563,1,2003-10-17
1172600000,0.005157321805487891,1,2003-10-20
1498000000,0.0012922383088889156,0,2003-10-21
1647200000,-0.014980491483447822,1,2003-10-22
1604300000,0.0033095561048248623,0,2003-10-23
1420300000,-0.004701224895036327,1,2003-10-24
1371800000,0.002157594570350252,1,2003-10-27
1629200000,0.015187254861686705,1,2003-10-28
1562600000,0.0012609465506996376,0,2003-10-29
1629700000,-0.001116336989118616,1,2003-10-30
1498900000,0.0036009893043016383,1,2003-10-31
1378200000,0.007908993825789246,0,2003-11-03
1417600000,-0.005448451799621279,0,2003-11-04
1401800000,-0.0013671411405173917,1,2003-11-05
1453900000,0.005932620802959088,0,2003-11-06
1440500000,-0.004574535860553786,0,2003-11-07
1243600000,-0.0057917944305309055,0,2003-11-10
1162500000,-0.0005157424435396907,1,2003-11-11
1349300000,0.011427886927405817,0,2003-11-12
1383000000,-0.0001133601446028365,0,2003-11-13
1356100000,-0.007615251493715225,0,2003-11-14
1374300000,-0.006397839633762281,0,2003-11-17
1354300000,-0.009083660324440856,1,2003-11-18
1326200000,0.008016164769598655,0,2003-11-19
1326700000,-0.008432060824847043,1,2003-11-20
1273800000,0.001576940786836012,1,2003-11-21
1302800000,0.0162274228058108,1,2003-11-24
1333700000,0.001720457255490082,1,2003-11-25
1097700000,0.0043267669871212,0,2003-11-26
487220000,-0.00023619444615519125,1,2003-11-28
1375000000,0.011264453312544553,0,2003-12-01
1383200000,-0.003270661249177631,0,2003-12-02
1441700000,-0.0017719662645456769,1,2003-12-03
1463100000,0.004686625084209695,0,2003-12-04
1265900000,-0.007684226646457737,1,2003-12-05
1218900000,0.007348138321361386,0,2003-12-08
1465500000,-0.008528939213256703,0,2003-12-09
1444000000,-0.0010658612929541622,1,2003-12-10
1441100000,0.011481905055224173,1,2003-12-11
1223100000,0.0027352748926767756,0,2003-12-12
1520800000,-0.005678938967685676,1,2003-12-15
1547900000,0.006638295907460456,1,2003-12-16
1441700000,0.001255639392265584,1,2003-12-17
1579900000,0.01179777931091408,0,2003-12-18
1657300000,-0.0004774412912522674,1,2003-12-19
1251700000,0.003931353307910612,1,2003-12-22
1145300000,0.0028181586273048342,0,2003-12-23
518060000,-0.001806518524722578,1,2003-12-24
356070000,0.00169095784421458,1,2003-12-26
1058800000,0.012400848295594846,1,2003-12-29
1012600000,0.00014424251226219376,1,2003-12-30
1027500000,0.0020547468248948153,0,2003-12-31
1153200000,-0.003093804716710058,1,2004-01-02
1578200000,0.012395343602475073,1,2004-01-05
1494500000,0.0012921470656763745,1,2004-01-06
1704900000,0.002367164741738481,1,2004-01-07
1868400000,0.0049630997209786365,0,2004-01-08
1720700000,-0.008887605310606284,1,2004-01-09
1510200000,0.004786689236896846,0,2004-01-12
1595900000,-0.00533166245554062,1,2004-01-13
1514600000,0.008294580074499347,1,2004-01-14
1695000000,0.0013533854071061668,1,2004-01-15
1721100000,0.0068724057161748675,0,2004-01-16
1698200000,-0.0009299075864844797,1,2004-01-20
1757600000,0.0077715214083178275,0,2004-01-21
1693700000,-0.003206683158706869,0,2004-01-22
1561200000,-0.0020891766181247995,1,2004-01-23
1480600000,0.012106299065248738,0,2004-01-26
1673100000,-0.009797680688353294,0,2004-01-27
1842000000,-0.01360960420859536,1,2004-01-28
1921900000,0.00498901618128289,0,2004-01-29
1635000000,-0.0026275938905750973,1,2004-01-30
1599200000,0.003651220341591488,1,2004-02-02
1476900000,0.000678275923247762,0,2004-02-03
1634800000,-0.008371266181679271,1,2004-02-04
1566600000,0.0018374695994518575,1,2004-02-05
1477600000,0.012555528911700975,0,2004-02-06
1303500000,-0.0025814266745999292,1,2004-02-09
1403900000,0.005027136254455833,1,2004-02-10
1699300000,0.010667432203527172,0,2004-02-11
1464300000,-0.004880134368439815,0,2004-02-12
1329200000,-0.0054681643574940875,1,2004-02-13
1396500000,0.009757229443723148,0,2004-02-17
1382400000,-0.004468529536945431,0,2004-02-18
1562800000,-0.004132492852418457,0,2004-02-19
1479600000,-0.002571855954782487,0,2004-02-20
1380400000,-0.002727006281855626,0,2004-02-23
1543600000,-0.0016652419655953654,1,2004-02-24
1360700000,0.004020822114521705,1,2004-02-25
1383900000,0.0010842202617262764,1,2004-02-26
1540400000,2.6121900996267655e-05,1,2004-02-27
1497100000,0.009633718676394176,0,2004-03-01
1476000000,-0.005943056732701124,1,2004-03-02
1334500000,0.001679622097244815,1,2004-03-03
1265800000,0.0033361126317947853,1,2004-03-04
1398200000,0.0017231292204220594,0,2004-03-05
1254400000,-0.00835021895649013,0,2004-03-08
1499400000,-0.005770567816382077,0,2004-03-09
1648400000,-0.014632855257233457,0,2004-03-10
1889900000,-0.01522389658112111,1,2004-03-11
1388500000,0.012459492064514466,0,2004-03-12
1600600000,-0.014349801284550545,1,2004-03-15
1500700000,0.005622469187051893,1,2004-03-16
1490100000,0.011749391736585624,0,2004-03-17
1369200000,-0.0012725728239710854,0,2004-03-18
1457400000,-0.011173210485700302,0,2004-03-19
1452300000,-0.012957527170427863,0,2004-03-22
1458200000,-0.0013237841974333975,0,2004-03-23
1527800000,-0.0023949862737147054,1,2004-03-24
1471700000,0.016365339604649698,0,2004-03-25
1319100000,-0.0010186558409170932,1,2004-03-26
1405500000,0.01300463092917803,1,2004-03-29
1332400000,0.0040357688090642,0,2004-03-30
1560700000,-0.0007010107031942825,1,2004-03-31
1560700000,0.005292159734452184,1,2004-04-01
1629200000,0.008514634970242296,1,2004-04-02
1413700000,0.007671930746608657,0,2004-04-05
1397700000,-0.0020945376829524243,0,2004-04-06
1458800000,-0.006645419328032753,0,2004-04-07
1199800000,-0.001060983031335394,1,2004-04-08
1102400000,0.005160977741120565,0,2004-04-12
1423200000,-0.013761797448120672,0,2004-04-13
1547700000,-0.0011243603261952284,1,2004-04-14
1568700000,0.0005938128552476218,1,2004-04-15
1487800000,0.005111459290916498,1,2004-04-16
1194900000,0.001066411324702976,0,2004-04-19
1508500000,-0.015556974441883087,1,2004-04-20
1738100000,0.005312293767880227,1,2004-04-21
1826700000,0.014091476992293517,1,2004-04-22
1396100000,0.0005876868258882784,0,2004-04-23
1290600000,-0.004444981937210768,1,2004-04-26
1518000000,0.00227202802931159,0,2004-04-27
1855600000,-0.013794757425861004,0,2004-04-28
1859000000,-0.0075908262326582765,0,2004-04-29
1634700000,-0.005916172812081788,1,2004-04-30
1571600000,0.009202511475578934,1,2004-05-03
1662100000,0.0018434693927933399,1,2004-05-04
1469000000,0.0017685502053459423,0,2004-05-05
1509300000,-0.006722993469222671,0,2004-05-06
1653600000,-0.013725472577435949,0,2004-05-07
1918400000,-0.010539689241213068,1,2004-05-10
1533800000,0.007662407178693709,1,2004-05-11
1697600000,0.0016706177430034774,0,2004-05-12
1411100000,-0.0007656093870251901,0,2004-05-13
1335900000,-0.0006749026612674625,0,2004-05-14
1430100000,-0.010586817653437941,1,2004-05-17
1353000000,0.0068167279908324385,0,2004-05-18
1548600000,-0.002574404299240607,1,2004-05-19
1211000000,0.00046835403438727496,1,2004-05-20
1258600000,0.004012263629480151,1,2004-05-21
1227500000,0.001691700031835941,1,2004-05-24
1545700000,0.01610357226793835,1,2004-05-25
1369400000,0.0016979403398029724,1,2004-05-26
1447500000,0.005686483778335472,0,2004-05-27
1172600000,-0.0005350809523592126,1,2004-05-28
1238000000,0.00046391247815646963,1,2004-06-01
1251700000,0.0033803418012448017,0,2004-06-02
1232400000,-0.0074222665609654515,1,2004-06-03
1115300000,0.005247873329532693,1,2004-06-04
1211800000,0.015964404405623522,1,2004-06-07
1190300000,0.0015432995719157905,0,2004-06-08
1276800000,-0.00949946343485697,1,2004-06-09
1160600000,0.004543338237380734,0,2004-06-10
1179400000,-0.009837419314923102,1,2004-06-14
1345900000,0.005971767695307717,1,2004-06-15
1168400000,0.0013692889769110206,0,2004-06-16
1296700000,-0.0013320950700206335,1,2004-06-17
1500600000,0.002623533037430237,0,2004-06-18
1123900000,-0.004158491147208343,1,2004-06-21
1382300000,0.003636189661164524,1,2004-06-22
1444200000,0.008506645854063244,0,2004-06-23
1394900000,-0.0029806426280444276,0,2004-06-24
1812900000,-0.005453005365357422,0,2004-06-25
1354600000,-0.0009520887792657806,1,2004-06-28
1375000000,0.0025146474145940623,1,2004-06-29
1473800000,0.004083801133464071,0,2004-06-30
1495700000,-0.010430932269721027,0,2004-07-01
1085000000,-0.003153344471985897,0,2004-07-02
1283300000,-0.008148397790546658,1,2004-07-06
1328600000,0.001899279876885318,0,2004-07-07
1401100000,-0.008244410026940319,1,2004-07-08
1186300000,0.003336074231641284,1,2004-07-09
1114600000,0.001383809375459455,1,2004-07-12
1199700000,0.0007089685285670555,0,2004-07-13
1462000000,-0.003291105957191842,0,2004-07-14
1408700000,-0.0043006373747112026,0,2004-07-15
1450300000,-0.004788989724690218,0,2004-07-16
1319900000,-0.00044488349073279476,1,2004-07-19
1445800000,0.007057879334125161,0,2004-07-20
1679500000,-0.013340343362997498,1,2004-07-21
1680800000,0.002705928369005184,0,2004-07-22
1337500000,-0.00970060809233908,0,2004-07-23
1413400000,-0.0019609694149907986,1,2004-07-26
1610800000,0.009925567812721026,1,2004-07-27
1554300000,0.0005389767491852382,1,2004-07-28
1530100000,0.004573596944219327,1,2004-07-29
1298200000,0.0011721935327353439,1,2004-07-30
1276000000,0.0044476133176885035,0,2004-08-02
1338300000,-0.0062623608298381095,0,2004-08-03
1369200000,-0.0009638503395621445,0,2004-08-04
1397400000,-0.0163203750409584,0,2004-08-05
1521000000,-0.015480689575870343,1,2004-08-06
1086000000,0.0011748451877584554,1,2004-08-09
1245600000,0.012973910309109993,0,2004-08-10
1410400000,-0.0030119364271447013,0,2004-08-11
1405100000,-0.011675195100984137,1,2004-08-12
1175100000,0.001476696846605785,1,2004-08-13
1206200000,0.013655067923963315,1,2004-08-16
1267800000,0.00219578185950553,1,2004-08-17
1282500000,0.012443338319771735,0,2004-08-18
1249400000,-0.0035976727982519607,1,2004-08-19
1199900000,0.006524742945688722,0,2004-08-20
1021900000,-0.0024308480305429425,1,2004-08-23
1092500000,0.000465361848639656,1,2004-08-24
1192200000,0.008000456125331068,1,2004-08-25
1023600000,0.00011765574084887653,1,2004-08-26
845400000,0.0024251905218848346,0,2004-08-27
843100000,-0.007781394120807694,1,2004-08-30
1138200000,0.004630819912892159,1,2004-08-31
1142100000,0.0015123921974227184,1,2004-09-01
1118400000,0.011212507374761538,0,2004-09-02
924170000,-0.004184933932207091,1,2004-09-03
1214400000,0.006887425726392449,0,2004-09-07
1246300000,-0.00448589055367643,1,2004-09-08
1371300000,0.0018902105356628507,1,2004-09-09
1261200000,0.004953628496854767,1,2004-09-10
1299800000,0.0016904248251332632,1,2004-09-13
1204500000,0.002229494844089963,0,2004-09-14
1256000000,-0.007054639376351202,1,2004-09-15
1113900000,0.002793724302198042,1,2004-09-16
1422600000,0.004494925525700966,0,2004-09-17
1197600000,-0.0056267754033982875,1,2004-09-20
1325000000,0.006326945255019423,0,2004-09-21
1379900000,-0.013937828348372427,0,2004-09-22
1286300000,-0.0046697734909371125,1,2004-09-23
1255400000,0.001578909400491213,0,2004-09-24
1263500000,-0.005936317939006286,1,2004-09-27
1396600000,0.005926525071360267,1,2004-09-28
1402900000,0.0042700304345510975,0,2004-09-29
1748000000,-0.0001974280263701278,1,2004-09-30
1582200000,0.015180646173832857,1,2004-10-01
1534000000,0.0032435209415047073,0,2004-10-04
1418400000,-0.0006078943681108173,1,2004-10-05
1416700000,0.00667272097322269,0,2004-10-06
1447500000,-0.00998207077330826,0,2004-10-07
1291600000,-0.0075266524405155355,1,2004-10-08
943800000,0.002005097377001386,0,2004-10-11
1320100000,-0.0022679397672544788,0,2004-10-12
1546200000,-0.007300454303445503,0,2004-10-13
1489500000,-0.00930272987423797,1,2004-10-14
1645100000,0.004450246023744775,1,2004-10-15
1373300000,0.005251821526630174,0,2004-10-18
1737500000,-0.009685677881300703,1,2004-10-19
1685700000,0.00038981329237874895,1,2004-10-20
1673000000,0.0025641555977795605,0,2004-10-21
1469600000,-0.009715406460859999,0,2004-10-22
1380500000,-0.0008578142758566276,1,2004-10-25
1685400000,0.01487935354919312,1,2004-10-26
1741900000,0.012879297837223191,1,2004-10-27
1628200000,0.0018126150239330396,1,2004-10-28
1500800000,0.0024480326306184352,1,2004-10-29
1395900000,0.00027433959223621684,1,2004-11-01
1659000000,4.427101723347704e-05,1,2004-11-02
1767500000,0.011180204432347685,1,2004-11-03
1782700000,0.016156484921560743,1,2004-11-04
1724400000,0.0038737333578102717,0,2004-11-05
1358700000,-0.001097635206392833,0,2004-11-08
1450800000,-0.0006953949158835515,0,2004-11-09
1504300000,-0.0010050184859853317,1,2004-11-10
1393000000,0.009089220987346991,1,2004-11-11
1531600000,0.009109710991654252,0,2004-11-12
1453300000,-0.0003039980224149863,0,2004-11-15
1364400000,-0.007078842439273703,1,2004-11-16
1684200000,0.005538302917098559,1,2004-11-17
1456700000,0.0013622582378927106,0,2004-11-18
1526600000,-0.011161406330803092,1,2004-11-19
1392700000,0.0058957436433662025,0,2004-11-22
1428300000,-0.0002548748178909932,1,2004-11-23
1149600000,0.004095424235170286,1,2004-11-24
504580000,0.0007531263886768613,0,2004-11-26
1378500000,-0.003449945495939466,0,2004-11-29
1553500000,-0.00403030809919791,1,2004-11-30
1772800000,0.014951227301604586,0,2004-12-01
1774900000,-0.0008729773846601896,1,2004-12-02
1566700000,0.000705760521569454,0,2004-12-03
1354400000,-0.0007723867385592831,0,2004-12-06
1533900000,-0.011073349053507653,1,2004-12-07
1525200000,0.004876611048293622,1,2004-12-08
1624700000,0.005436148935247909,0,2004-12-09
1443700000,-0.0010426745186483677,1,2004-12-10
1436100000,0.008989944201125866,1,2004-12-13
1544400000,0.003920938833781973,1,2004-12-14
1695800000,0.0019444945161277705,0,2004-12-15
1793900000,-0.00208175183841508,0,2004-12-16
2335000000,-0.007488310484568106,1,2004-12-17
1422800000,0.0003768826499663813,1,2004-12-20
1483700000,0.00904024319851282,1,2004-12-21
1390800000,0.0034178068638870407,1,2004-12-22
956100000,0.0004630229078261827,0,2004-12-23
922000000,-0.004305290271688245,1,2004-12-27
983000000,0.007153997612125984,0,2004-12-28
925900000,-7.423561458641537e-05,1,2004-12-29
829800000,8.249013991323828e-05,0,2004-12-30
786900000,-0.0013431707117366187,0,2004-12-31
1510800000,-0.00811942003912347,0,2005-01-03
1721000000,-0.0116713594265474,0,2005-01-04
1738900000,-0.003627842613197485,1,2005-01-05
1569100000,0.003505858083953761,0,2005-01-06
1477900000,-0.0014311705807971142,1,2005-01-07
1490400000,0.0034227727381810347,0,2005-01-10
1488800000,-0.006099567120878002,1,2005-01-11
1562100000,0.003981403880320977,0,2005-01-12
1510300000,-0.008630125807352784,1,2005-01-13
1335400000,0.00600455955884871,1,2005-01-14
1596800000,0.009674771847279606,0,2005-01-18
1498700000,-0.009490104994474113,0,2005-01-19
1692000000,-0.007782996095930472,0,2005-01-20
1643500000,-0.006414815973357024,0,2005-01-21
1494600000,-0.0035277857419173664,1,2005-01-24
1610400000,0.004004325825724964,1,2005-01-25
1635900000,0.0048441146034394755,1,2005-01-26
1600600000,0.0004089215813589675,0,2005-01-27
1641800000,-0.0027159876922616677,1,2005-01-28
1679800000,0.008460280617075266,1,2005-01-31
1681980000,0.006890900906523889,1,2005-02-01
1561740000,0.003177968167360712,0,2005-02-02
1554460000,-0.002765634073250145,1,2005-02-03
1648160000,0.01104304976651127,0,2005-02-04
1347270000,-0.0010889658294861437,1,2005-02-07
1416170000,0.00048270656986804106,0,2005-02-08
1511040000,-0.00857527919407397,1,2005-02-09
1491670000,0.004211461146802931,1,2005-02-10
1562300000,0.00692562217096504,1,2005-02-11
1290180000,0.0006968935420927913,1,2005-02-14
1527080000,0.0032997665448568636,1,2005-02-15
1490100000,0.00018177594289214838,0,2005-02-16
1580120000,-0.007923365410653749,1,2005-02-17
1551200000,0.0006995343079845284,0,2005-02-18
1744940000,-0.014505723363565037,1,2005-02-22
1501090000,0.005607362566527829,1,2005-02-23
1518750000,0.007893770539395328,1,2005-02-24
1523680000,0.00930681919658971,0,2005-02-25
1795480000,-0.006414241365205964,1,2005-02-28
1708060000,0.0056580747190815295,0,2005-03-01
1568540000,-0.00027269942885399523,1,2005-03-02
1616240000,0.0003223048580269783,1,2005-03-03
1636820000,0.009624381187494757,1,2005-03-04
1488830000,0.0026102702593100435,0,2005-03-07
1523090000,-0.004798789368921641,0,2005-03-08
1704970000,-0.01018512206380029,1,2005-03-09
1604020000,0.0018558174466258848,0,2005-03-10
1449820000,-0.007583249076131948,1,2005-03-11
1437430000,0.0056246252309646305,0,2005-03-14
1513530000,-0.007523807317785902,0,2005-03-15
1653190000,-0.00808186492251095,1,2005-03-16
1581930000,0.0018012530786775116,0,2005-03-17
2344370000,-0.00047045188816641215,0,2005-03-18
1819440000,-0.004934220146028734,0,2005-03-21
2114470000,-0.010196208806246054,1,2005-03-22
2246870000,0.0006998902345414226,0,2005-03-23
1721720000,-0.0009466583574222476,1,2005-03-24
1746220000,0.002441468682685466,0,2005-03-28
2223250000,-0.007596181253847534,1,2005-03-29
2097110000,0.013772610206178593,0,2005-03-30
2214230000,-0.0006941437228814573,0,2005-03-31
2168690000,-0.006496685637735977,1,2005-04-01
2079770000,0.002728192077877223,1,2005-04-04
1870800000,0.004480851914030248,1,2005-04-05
1797400000,0.002268456316200096,1,2005-04-06
1900620000,0.005970988776071051,0,2005-04-07
1661330000,-0.008345000045604456,1,2005-04-08
1525310000,8.474234709510142e-06,1,2005-04-11
1979830000,0.005545202838389773,0,2005-04-12
2049740000,-0.011761610584853477,0,2005-04-13
2355040000,-0.010001780423824047,0,2005-04-14
2689960000,-0.016720496445511768,1,2005-04-15
2180670000,0.0029405973691347675,1,2005-04-18
2142700000,0.00593382863926073,0,2005-04-19
2217050000,-0.0132549392846395,1,2005-04-20
2308560000,0.019736220810439464,0,2005-04-21
2045880000,-0.006750253359446234,1,2005-04-22
1795030000,0.008662275206615888,0,2005-04-25
1959740000,-0.00883746643749117,1,2005-04-26
2151520000,0.00395027825436145,0,2005-04-27
2182270000,-0.011380371611511175,1,2005-04-28
2362360000,0.011922469194121543,1,2005-04-29
1980040000,0.004590101314615458,0,2005-05-02
2167020000,-0.0008518536219271899,1,2005-05-03
2306480000,0.012470163645930121,0,2005-05-04
1997100000,-0.002568808292038427,0,2005-05-05
1707200000,-0.0010915883881061905,1,2005-05-06
1857020000,0.006394323123307677,0,2005-05-09
1889660000,-0.010705435413708386,1,2005-05-10
1834970000,0.004193046570356129,0,2005-05-11
1995290000,-0.010033216475797246,0,2005-05-12
2188590000,-0.004580058472371085,1,2005-05-13
1856860000,0.01008612459220859,1,2005-05-16
1887260000,0.006957345288654659,1,2005-05-17
2266320000,0.010018750448482105,1,2005-05-18
1775860000,0.0046559408112019085,0,2005-05-19
1631750000,-0.0015111720658741445,1,2005-05-20
1681170000,0.003851032508630725,1,2005-05-23
1681000000,0.00017586730443786003,0,2005-05-24
1742180000,-0.0034000826635449677,1,2005-05-25
1654110000,0.00639489188251563,1,2005-05-26
1381430000,0.0009686162425619482,0,2005-05-27
1840680000,-0.006072865011894635,1,2005-05-31
1810100000,0.00899703793799822,1,2005-06-01
1813790000,0.0017218715458240386,0,2005-06-02
1627520000,-0.0068671327196959675,1,2005-06-03
1547120000,0.0012457903797955527,0,2005-06-06
1851370000,-0.00020876652216783587,0,2005-06-07
1715490000,-0.0021632442403379804,1,2005-06-08
1824120000,0.005239948718352094,0,2005-06-09
1664180000,-0.0023482369773834,1,2005-06-10
1661350000,0.002261863243468998,1,2005-06-13
1698150000,0.002573314925500947,1,2005-06-14
1840440000,0.0022177087981654076,1,2005-06-15
1776040000,0.0036300991582309816,1,2005-06-16
2407370000,0.0049547468071156064,0,2005-06-17
1714530000,-0.0007066669234541134,0,2005-06-20
1720700000,-0.002047520996927288,1,2005-06-21
1823250000,0.00022249283914033136,0,2005-06-22
2029920000,-0.010833051340467525,0,2005-06-23
2418800000,-0.0076287211352144,0,2005-06-24
1738620000,-0.0007385255775820276,1,2005-06-27
1772410000,0.009137563444907348,0,2005-06-28
1769280000,-0.0014314361876618387,0,2005-06-29
2109490000,-0.007100904033514155,1,2005-06-30
1593820000,0.0026105155299391836,1,2005-07-01
1805820000,0.008832632317790745,0,2005-07-05
1883470000,-0.008340358766109057,1,2005-07-06
1952440000,0.0024520510273422502,1,2005-07-07
1900810000,0.011679055566465202,1,2005-07-08
1846300000,0.006254811732634646,1,2005-07-11
1932010000,0.0022715506005615005,1,2005-07-12
1812500000,0.0008837091494260374,1,2005-07-13
2048710000,0.0026240391362624127,1,2005-07-14
1716400000,0.001157801830666605,0,2005-07-15
1582100000,-0.005529707814430296,1,2005-07-18
2041280000,0.006731446013329201,1,2005-07-19
2063340000,0.004758592509955806,0,2005-07-20
2129840000,-0.00660614672274995,1,2005-07-21
1766990000,0.0054114082972474,0,2005-07-22
1717580000,-0.003769230441940885,1,2005-07-25
1934180000,0.001733077981854514,1,2005-07-26
1945800000,0.0045729269359882085,1,2005-07-27
2001680000,0.005603159325149543,0,2005-07-28
1789600000,-0.00767047021589129,1,2005-07-29
1716870000,0.0009479345185350319,1,2005-08-01
2043120000,0.007099218605715496,1,2005-08-02
1999980000,0.0007395138322054962,0,2005-08-03
1981220000,-0.007373299992705418,0,2005-08-04
1930280000,-0.007638358323871608,0,2005-08-05
1804140000,-0.0026826364089062027,1,2005-08-08
1897520000,0.006744990284814678,0,2005-08-09
2172320000,-0.0018272182357014222,1,2005-08-10
1941560000,0.007061949245771748,0,2005-08-11
1709300000,-0.005994493172678084,1,2005-08-12
1562880000,0.0028283555842611996,0,2005-08-15
1820410000,-0.01177598073895536,1,2005-08-16
1859150000,0.0007381242633648366,0,2005-08-17
1808170000,-0.0009997793162725976,1,2005-08-18
1558790000,0.0005659803737392277,1,2005-08-19
1621330000,0.0016561474415583977,0,2005-08-22
1678620000,-0.003388649468067495,0,2005-08-23
1930800000,-0.006570356379875575,1,2005-08-24
1571110000,0.0022983237092162323,0,2005-08-25
1541090000,-0.005996535348556931,1,2005-08-26
1599450000,0.005958056473651885,0,2005-08-29
1916470000,-0.0031923276995927674,1,2005-08-30
2365510000,0.009864136789539124,1,2005-08-31
2229860000,0.0010325156400312618,0,2005-09-01
1640160000,-0.002922376893187084,1,2005-09-02
1932090000,0.012618836201971906,1,2005-09-06
2067700000,0.0024079736886564174,0,2005-09-07
1955380000,-0.0037933461627815968,1,2005-09-08
1992560000,0.007964743943933206,0,2005-09-09
1938050000,-0.0007409880863746832,0,2005-09-12
2082360000,-0.007545065921665484,0,2005-09-13
1986750000,-0.0032812842368473705,1,2005-09-14
2079340000,0.0004644433270217796,1,2005-09-15
3152470000,0.008291769259435089,0,2005-09-16
2076540000,-0.005565844413728538,0,2005-09-19
2319250000,-0.007863441339177824,0,2005-09-20
2548150000,-0.009121141500479157,1,2005-09-21
2424720000,0.003652325337670348,1,2005-09-22
1973020000,0.0005516490326242796,1,2005-09-23
2022220000,0.0002797404811898385,1,2005-09-26
1976270000,2.470266179210867e-05,1,2005-09-27
2106980000,0.0010117799665758653,1,2005-09-28
2176120000,0.008866897527807671,1,2005-09-29
2097520000,0.000920439229583403,0,2005-09-30
2097490000,-0.0017171957595218945,0,2005-10-03
2341420000,-0.009969822251208682,0,2005-10-04
2546780000,-0.014887116594756167,0,2005-10-05
2792030000,-0.004095674783362702,1,2005-10-06
2126080000,0.0037012767340327546,0,2005-10-07
2195990000,-0.007166208031122001,0,2005-10-10
2299040000,-0.002071842729946871,0,2005-10-11
2491280000,-0.00606812682900193,0,2005-10-12
2351150000,-0.0007133413595465932,1,2005-10-13
2188940000,0.008267887521960393,1,2005-10-14
2054570000,0.0029749862685424233,0,2005-10-17
2197010000,-0.010049543049197696,1,2005-10-18
2703590000,0.014955773420908258,0,2005-10-19
2617250000,-0.015019703611780955,1,2005-10-20
2470920000,0.0015197121056060858,1,2005-10-21
2197790000,0.016777049344208095,0,2005-10-24
2312470000,-0.002367861569102958,0,2005-10-25
2467750000,-0.004312462609885159,0,2005-10-26
2395370000,-0.010475230755595533,1,2005-10-27
2379400000,0.016549333583500303,1,2005-10-28
2567470000,0.007176154521957301,0,2005-10-31
2457850000,-0.003521097559766928,1,2005-11-01
2648090000,0.009977052697601962,1,2005-11-02
2716630000,0.0042641604917701414,1,2005-11-03
2050510000,0.00016400253438453305,1,2005-11-04
1987580000,0.00218830946715709,0,2005-11-07
1965050000,-0.0034511433266182223,1,2005-11-08
2214460000,0.0016905264703728218,1,2005-11-09
2378460000,0.008446267412632436,1,2005-11-10
1773140000,0.0030545345786563427,0,2005-11-11
1899780000,-0.0007774725932012672,0,2005-11-14
2359370000,-0.0038500194222557127,1,2005-11-15
2121580000,0.0017900189212409767,1,2005-11-16
2298040000,0.009413575473187219,1,2005-11-17
2453290000,0.004401328040084085,1,2005-11-18
2117350000,0.005271260185483184,1,2005-11-21
2291420000,0.0050842770107506485,1,2005-11-22
1985400000,0.0034728042867999687,1,2005-11-23
724940000,0.0020859622466586902,0,2005-11-25
2016900000,-0.008507817120047334,1,2005-11-28
2268340000,1.5920611289299558e-05,0,2005-11-29
2374690000,-0.006361930308439456,1,2005-11-30
2614830000,0.01215710832826944,1,2005-12-01
2125580000,0.0003241257364618999,0,2005-12-02
2325840000,-0.0023634792568365537,1,2005-12-05
2110740000,0.001275650227134273,0,2005-12-06
2093830000,-0.005009065679568603,0,2005-12-07
2178300000,-0.0012168489011322725,1,2005-12-08
1896290000,0.00281089103146126,1,2005-12-09
1876550000,0.000841737216116023,1,2005-12-12
2390020000,0.005553660022141527,1,2005-12-13
2145520000,0.004189530229214977,0,2005-12-14
2180590000,-0.0014143099469935416,0,2005-12-15
2584190000,-0.0028482818103757745,0,2005-12-16
2208810000,-0.0058390167103565815,0,2005-12-19
1996690000,-0.00023814910284736257,1,2005-12-20
2065170000,0.0025166668976364104,1,2005-12-21
1888500000,0.004220777714278201,1,2005-12-22
1285810000,0.00042585801389405376,0,2005-12-23
1540470000,-0.009553382932114052,1,2005-12-27
1422360000,0.0012972168272717965,0,2005-12-28
1382540000,-0.0029805192215838217,0,2005-12-29
1443500000,-0.004886724277406218,1,2005-12-30
2554570000,0.016430484201434892,1,2006-01-03
2515330000,0.0036726922525569528,1,2006-01-04
2433340000,1.572058161558587e-05,1,2006-01-05
2446560000,0.009399418040885843,1,2006-01-06
2301490000,0.0036563642465448076,0,2006-01-09
2373080000,-0.0003566120211651036,1,2006-01-10
2406130000,0.003481544021186611,0,2006-01-11
2318350000,-0.006274239116809244,1,2006-01-12
2206510000,0.0012051744764605132,0,2006-01-13
2179970000,-0.0036345878751066207,0,2006-01-17
2233200000,-0.0038973286076955382,1,2006-01-18
2444020000,0.005563673325403196,0,2006-01-19
2845810000,-0.01832631522151318,1,2006-01-20
2256070000,0.0018469873504542988,1,2006-01-23
2608720000,0.002405436843615494,0,2006-01-24
2617060000,-0.0017207360448914244,1,2006-01-25
2856780000,0.0072349542612786255,1,2006-01-26
2623620000,0.007763999112620157,1,2006-01-27
2282730000,0.0011450867297171374,0,2006-01-30
2708310000,-0.003976054579116317,1,2006-01-31
2589410000,0.0018592626746127827,0,2006-02-01
2565300000,-0.009060707913791766,0,2006-02-02
2282210000,-0.005358610609197956,1,2006-02-03
2132360000,0.0007832015153355076,0,2006-02-06
2366370000,-0.008094725835381955,1,2006-02-07
2456860000,0.008662869079354651,0,2006-02-08
2441920000,-0.001477497792530147,1,2006-02-09
2290050000,0.002539968082329924,0,2006-02-10
1850080000,-0.003259698114938203,1,2006-02-13
2437940000,0.010032817645881265,1,2006-02-14
2317590000,0.003504402562430453,1,2006-02-15
2251490000,0.0073281288146973544,0,2006-02-16
2128260000,-0.0016597237744756521,0,2006-02-17
2104320000,-0.003270533054782976,1,2006-02-21
2222380000,0.007513475466915054,0,2006-02-22
2144210000,-0.0037751357399127272,1,2006-02-23
1933010000,0.0012735108974994969,1,2006-02-24
1975320000,0.0036372204857118007,0,2006-02-27
2370860000,-0.010400860034838644,1,2006-02-28
2308320000,0.008261330698481784,0,2006-03-01
2494590000,-0.0016263247744955356,0,2006-03-02
2152950000,-0.0014816343903563123,0,2006-03-03
2280190000,-0.006968428982565,0,2006-03-06
2268050000,-0.0018619098341728924,1,2006-03-07
2442870000,0.0020299446737943594,0,2006-03-08
2140110000,-0.0048808265953584895,1,2006-03-09
2123450000,0.007223586629499623,1,2006-03-10
2070330000,0.002114810791593591,1,2006-03-13
2165270000,0.01039612464094386,1,2006-03-14
2293000000,0.004269845505052494,1,2006-03-15
2292180000,0.001772755973671547,1,2006-03-16
2549620000,0.0014709261335852375,0,2006-03-17
1976830000,-0.0016600068428476167,0,2006-03-20
2147370000,-0.00601493843309675,1,2006-03-21
2039810000,0.006020565906847075,0,2006-03-22
1980940000,-0.002582292509284545,1,2006-03-23
2326070000,0.000983280849487178,0,2006-03-24
2029700000,-0.0010284092793489963,0,2006-03-27
2148580000,-0.00643818423116127,1,2006-03-28
2143540000,0.007469695510914587,0,2006-03-29
2294560000,-0.002026275908753372,0,2006-03-30
2236710000,-0.004137669588781034,1,2006-03-31
2494080000,0.002270547226863817,1,2006-04-03
2147660000,0.006256689924245107,1,2006-04-04
2420020000,0.004311107525869495,0,2006-04-05
2281680000,-0.0019213908770231436,0,2006-04-06
2082470000,-0.010343487333051349,1,2006-04-07
1898320000,0.00086452730002895,0,2006-04-10
2232880000,-0.007750959314195005,1,2006-04-11
1938100000,0.0012047917274888853,1,2006-04-12
1891940000,0.0007763251900372303,0,2006-04-13
1794650000,-0.00294002038356056,1,2006-04-17
2595440000,0.017077384012400332,1,2006-04-18
2447310000,0.002027128354043395,1,2006-04-19
2512920000,0.0011679304724923067,0,2006-04-20
2392630000,-0.0001371994921570696,0,2006-04-21
2117330000,-0.0024175186645771785,0,2006-04-24
2366380000,-0.004869617378140845,1,2006-04-25
2502690000,0.0028193371739710926,1,2006-04-26
2772010000,0.00330159598179125,1,2006-04-27
2419920000,0.0006795457566091123,0,2006-04-28
2437040000,-0.004135512475787029,1,2006-05-01
2403470000,0.0061447144793416175,0,2006-05-02
2395230000,-0.003875972595181021,1,2006-05-03
2431450000,0.0031572064475955397,1,2006-05-04
2294760000,0.010295301783673105,0,2006-05-05
2151300000,-0.0008296943472687612,1,2006-05-08
2157290000,0.0003623423794523184,0,2006-05-09
2268550000,-0.0017281487519698047,0,2006-05-10
2531520000,-0.012798073820219913,0,2006-05-11
2567970000,-0.011241158123729833,1,2006-05-12
2505660000,0.002524712516867922,0,2006-05-15
2386210000,-0.0018694816109019463,0,2006-05-16
2830200000,-0.01684107060376383,0,2006-05-17
2537490000,-0.006699011316142922,1,2006-05-18
2982300000,0.004136891022205491,0,2006-05-19
2773010000,-0.0039147320056533985,0,2006-05-22
2605250000,-0.004349988881771183,1,2006-05-23
2999030000,0.0015836558786301858,1,2006-05-24
2372730000,0.011370093999100828,1,2006-05-25
1814020000,0.005719336676629716,0,2006-05-26
2176190000,-0.015849611392923735,1,2006-05-30
2692160000,0.00811192483568468,1,2006-05-31
2360160000,0.012298337548946048,1,2006-06-01
2295540000,0.0019522363844757251,0,2006-06-02
2313470000,-0.017799702040102394,0,2006-06-05
2697650000,-0.0011381291499216184,0,2006-06-06
2644170000,-0.00609245663695579,1,2006-06-07
3543790000,0.0014170515163627329,0,2006-06-08
2214000000,-0.004475610441298961,0,2006-06-09
2247010000,-0.011866251571083786,0,2006-06-12
3215770000,-0.01111165038391615,1,2006-06-13
2667990000,0.005189302813874974,1,2006-06-14
2775480000,0.021235077141956493,0,2006-06-15
2783390000,-0.003677871442713476,0,2006-06-16
2517200000,-0.009116795167204206,0,2006-06-19
2232950000,-8.071545390841983e-06,1,2006-06-20
2361230000,0.009740957409162698,0,2006-06-21
2148180000,-0.005270704235182944,0,2006-06-22
2017270000,-0.0008830889591340263,1,2006-06-23
1878580000,0.004869472554238641,0,2006-06-26
2203130000,-0.00908401587257579,1,2006-06-27
2085490000,0.005487450852216691,1,2006-06-28
2621250000,0.021565004106891994,0,2006-06-29
3049560000,-0.002097656442177853,1,2006-06-30
1114470000,0.0078648957789349,0,2006-07-03
2165070000,-0.007248851851131444,1,2006-07-05
2009160000,0.0024942142163870695,0,2006-07-06
1988150000,-0.006749949675504019,1,2006-07-07
1854590000,0.0014697864685884188,1,2006-07-10
2310850000,0.004016355538295047,0,2006-07-11
2250450000,-0.01086902819111013,0,2006-07-12
2545760000,-0.012966746071534585,0,2006-07-13
2467120000,-0.004894289517349271,0,2006-07-14
2146410000,-0.001383239771105771,1,2006-07-17
2481750000,0.001919817200573215,1,2006-07-18
2701980000,0.018555110128867458,0,2006-07-19
2345580000,-0.008477511064532206,0,2006-07-20
2704090000,-0.007076898149718125,1,2006-07-21
2312720000,0.016625139659086186,1,2006-07-24
2563930000,0.0063208083741757015,0,2006-07-25
2667710000,-0.00037827096880949096,0,2006-07-26
2776710000,-0.004099710771126586,1,2006-07-27
2480420000,0.012151756055729379,0,2006-07-28
2461300000,-0.0014782484660414985,0,2006-07-31
2527690000,-0.004496099259552078,1,2006-08-01
2610750000,0.005106529136347682,1,2006-08-02
2728440000,0.0022388937577111356,0,2006-08-03
2530970000,-0.0007108142546528029,0,2006-08-04
2045660000,-0.0028060638611625555,0,2006-08-07
2457840000,-0.003362705657620202,0,2006-08-08
2555180000,-0.004349285385394919,1,2006-08-09
2402190000,0.0046290198253495785,0,2006-08-10
2004540000,-0.003986498082096501,1,2006-08-11
2118020000,0.0011604360124866098,1,2006-08-14
2334100000,0.013696466399260254,1,2006-08-15
2554570000,0.007661987579892671,1,2006-08-16
2458340000,0.0015824295197877092,1,2006-08-17
2033910000,0.003714946228020821,0,2006-08-18
1759240000,-0.003670451599211977,1,2006-08-21
1908740000,0.0010018548756436374,0,2006-08-22
1893670000,-0.0044886560845824874,1,2006-08-23
1930320000,0.0023743945293950297,0,2006-08-24
1667580000,-0.0007484936882400373,1,2006-08-25
1834920000,0.005165713311912734,1,2006-08-28
2093720000,0.0019204473442031578,1,2006-08-29
2060690000,0.0008356838990319915,0,2006-08-30
1974540000,-0.0011874402153588814,1,2006-08-31
1800520000,0.00551461380616769,1,2006-09-01
2114480000,0.0017085988800158436,0,2006-09-05
2329870000,-0.009891483140586299,0,2006-09-06
2325850000,-0.004799032645401269,1,2006-09-07
2132890000,0.0037866681659510792,1,2006-09-08
2506430000,0.00047731584409493877,1,2006-09-11
2791580000,0.010357480749273451,1,2006-09-12
2597220000,0.00386134523157855,0,2006-09-13
2351220000,-0.0013579833128180008,1,2006-09-14
3198030000,0.0025678463606395585,1,2006-09-15
2325080000,0.0011518266007009004,0,2006-09-18
2390850000,-0.0026794523975416373,1,2006-09-19
2543070000,0.005722381666218412,0,2006-09-20
2627440000,-0.005395511646919315,0,2006-09-21
2162880000,-0.002465801178850091,1,2006-09-22
2710240000,0.00881513680011592,1,2006-09-25
2673350000,0.007524280936307193,1,2006-09-26
2749190000,0.00017958636491899327,1,2006-09-27
2397820000,0.0017133444968626677,0,2006-09-28
2273430000,-0.0022631074374287463,0,2006-09-29
2154480000,-0.00339112129330843,1,2006-10-02
2682690000,0.0020956938790537283,1,2006-10-03
3019880000,0.012060449286025232,1,2006-10-04
2817240000,0.002236720219570998,0,2006-10-05
2523000000,-0.0026824943182935934,1,2006-10-06
1935170000,0.0007928840510640356,1,2006-10-09
2376140000,0.0020434526052304225,0,2006-10-10
2521000000,-0.002563943683974057,1,2006-10-11
2514350000,0.009541098076733423,1,2006-10-12
2482920000,0.002047239312655602,1,2006-10-13
2305920000,0.0025190488487738527,0,2006-10-16
2519620000,-0.0036594521432252725,1,2006-10-17
2658840000,0.0012829441276758224,1,2006-10-18
2619830000,0.0008492546990097605,1,2006-10-19
2526410000,0.0011997532446470505,1,2006-10-20
2480430000,0.006152304614580828,1,2006-10-23
2876890000,0.0002614234698528062,1,2006-10-24
2953540000,0.003513892900401272,1,2006-10-25
2793350000,0.004963019994619788,0,2006-10-26
2458450000,-0.00845163029183671,1,2006-10-27
2770440000,0.00042842573748558266,1,2006-10-30
2803030000,7.175759964006545e-06,0,2006-10-31
2821160000,-0.007351469035843494,0,2006-11-01
2646180000,-0.0003436827873022352,0,2006-11-02
2419730000,-0.0022232342125417803,1,2006-11-03
2533550000,0.011346463325312195,1,2006-11-06
2636390000,0.002217698805944357,1,2006-11-07
2814820000,0.0020826740288086842,0,2006-11-08
3012050000,-0.005332978382845854,1,2006-11-09
2290200000,0.0018646249021037065,1,2006-11-10
2386340000,0.0025490763045961096,1,2006-11-13
3027480000,0.006356399415263114,1,2006-11-14
2831130000,0.002404484328664136,1,2006-11-15
2835730000,0.002284213178895156,1,2006-11-16
2726100000,0.0010287059183031744,0,2006-11-17
2546710000,-0.0004995369656483062,1,2006-11-20
2597940000,0.001649452762406245,1,2006-11-21
2237710000,0.0023380978817977294,0,2006-11-22
832550000,-0.0036555375355650233,0,2006-11-24
2711210000,-0.013555081120842472,1,2006-11-27
2639750000,0.0034443905034671207,1,2006-11-28
2790970000,0.009201576407062984,1,2006-11-29
4006230000,0.0008217512433992269,0,2006-11-30
2800980000,-0.002798771932377986,1,2006-12-01
2766320000,0.00888519057411008,1,2006-12-04
2755700000,0.00400250842226435,0,2006-12-05
2725280000,-0.0013147002592126533,0,2006-12-06
2743150000,-0.003970546574156186,1,2006-12-07
2440460000,0.001811941168510689,1,2006-12-08
2289900000,0.002269813113380925,0,2006-12-11
2738170000,-0.0010473733424651854,1,2006-12-12
2552260000,0.0011688502615989638,1,2006-12-13
2729700000,0.008689458492585622,1,2006-12-14
3229580000,0.0011224039431343424,0,2006-12-15
2568140000,-0.00323033968563613,1,2006-12-18
2717060000,0.002158250661892236,0,2006-12-19
2387630000,-0.0014170106008628558,0,2006-12-20
2322410000,-0.003673951628075822,0,2006-12-21
1647590000,-0.005316251006780903,1,2006-12-22
1310310000,0.004352274381138388,1,2006-12-26
1667370000,0.007015273650207154,0,2006-12-27
1508570000,-0.0014787820653379136,0,2006-12-28
1678200000,-0.004513087903512458,0,2006-12-29
3429160000,-0.0011986696634412874,1,2007-01-03
3004460000,0.0012282862236074887,0,2007-01-04
2919400000,-0.006084581335068839,1,2007-01-05
2763340000,0.00222031834174663,0,2007-01-08
3038380000,-0.00051667597633831,1,2007-01-09
2764660000,0.0019403518584233392,1,2007-01-10
2857870000,0.006339874091180642,1,2007-01-11
2686480000,0.004853165737491727,1,2007-01-12
2599530000,0.000817795084526729,0,2007-01-16
2690270000,-0.0008939376178855873,0,2007-01-17
2822430000,-0.002970739969038294,1,2007-01-18
2777480000,0.0028954653399542174,0,2007-01-19
2540120000,-0.005277909002534109,1,2007-01-22
2975070000,0.003541965097471733,1,2007-01-23
2783180000,0.008501470410478884,0,2007-01-24
2994330000,-0.011269802319041844,0,2007-01-25
2626620000,-0.001207929400684371,0,2007-01-26
2730480000,-0.001096948722968838,1,2007-01-29
2706250000,0.005772093311412707,1,2007-01-30
2976690000,0.006592883847806208,1,2007-01-31
2914890000,0.005353731800087358,1,2007-02-01
2569450000,0.0016944502133364736,0,2007-02-02
2439430000,-0.0009666073363550076,1,2007-02-05
2608710000,0.0006980074309024253,1,2007-02-06
2618820000,0.0013950411127416906,0,2007-02-07
2816180000,-0.0011792671235344443,0,2007-02-08
2951810000,-0.0070772138460132306,0,2007-02-09
2395680000,-0.0032613821992586445,1,2007-02-12
2652150000,0.007597490309923183,1,2007-02-13
2699290000,0.007644080004882037,1,2007-02-14
2490920000,0.0010375934274453602,0,2007-02-15
2399450000,-0.0008717811383565088,1,2007-02-16
2337860000,0.002844315193901492,0,2007-02-20
2606980000,-0.001404450806129165,0,2007-02-21
1950770000,-0.0008575564414925463,0,2007-02-22
2579950000,-0.003563673944411261,0,2007-02-23
2822170000,-0.0012541061904680628,0,2007-02-26
4065230000,-0.034725402225963764,1,2007-02-27
3925250000,0.005560889616694542,0,2007-02-28
3874910000,-0.0025944345993798024,0,2007-03-01
3312260000,-0.011402751982227732,0,2007-03-02
3480520000,-0.009407677800631231,1,2007-03-05
3358160000,0.01549358071940743,0,2007-03-06
3141350000,-0.0024652707034493737,1,2007-03-07
3014850000,0.007126622092502144,1,2007-03-08
2623050000,0.0006776217548800645,1,2007-03-09
2664000000,0.0026802841786919274,0,2007-03-12
3485570000,-0.020368281609082217,1,2007-03-13
3758350000,0.006691166660731218,1,2007-03-14
2821900000,0.003683748343518811,0,2007-03-15
3393640000,-0.003828308970065253,1,2007-03-16
2777180000,0.010894486429815275,1,2007-03-19
2795940000,0.006333453947334089,1,2007-03-20
3184770000,0.017080881296924755,0,2007-03-21
3129970000,-0.0003484223341437831,1,2007-03-22
2619020000,0.001094390010953239,1,2007-03-23
2754660000,0.0009679026415914116,0,2007-03-26
2673040000,-0.006184358016304348,0,2007-03-27
3000440000,-0.00796578842336182,1,2007-03-28
2854710000,0.0037397238988494674,0,2007-03-29
2903960000,-0.0011739955648866207,1,2007-03-30
2875880000,0.0025970634085028532,1,2007-04-02
2921760000,0.009280102663995704,1,2007-04-03
2616320000,0.0011128174632957233,1,2007-04-04
2357230000,0.003049955649575775,1,2007-04-05
2349410000,0.0005887235968500271,1,2007-04-09
2510110000,0.0026166434783123638,0,2007-04-10
2950190000,-0.006572828751212234,1,2007-04-11
2770570000,0.006206296427920366,1,2007-04-12
2690020000,0.0034880001295067853,1,2007-04-13
2870140000,0.010654906376349693,1,2007-04-16
2920570000,0.0021453110052500612,1,2007-04-17
2971330000,0.0006931929382587576,0,2007-04-18
2913610000,-0.0012020506154498678,1,2007-04-19
3329940000,0.009260704070808812,0,2007-04-20
2575020000,-0.002303986210293818,0,2007-04-23
3119750000,-0.00035114388417389897,1,2007-04-24
3252590000,0.010139089454322958,0,2007-04-25
3211800000,-0.0007824182576994243,0,2007-04-26
2732810000,-0.000120497715199952,0,2007-04-27
3093420000,-0.007830925989064319,1,2007-04-30
3400350000,0.002651196208694806,1,2007-05-01
3189800000,0.0064724448638566745,1,2007-05-02
3007970000,0.004325077887225248,1,2007-05-03
2761930000,0.002149894792468965,1,2007-05-04
2545090000,0.0025637181786113405,0,2007-05-07
2795720000,-0.0011659709227004322,1,2007-05-08
2935550000,0.0032234005292746115,0,2007-05-09
3031240000,-0.013956277330703482,1,2007-05-10
2720780000,0.00964149809602488,0,2007-05-11
2776130000,-0.0017929748750863395,0,2007-05-14
3071020000,-0.0013039836183860176,1,2007-05-15
2915350000,0.008626538777668946,0,2007-05-16
2868640000,-0.000918022530934981,1,2007-05-17
2959050000,0.006610477607007059,1,2007-05-18
3465360000,0.0015432445154737184,0,2007-05-21
2860500000,-0.0006425680181219029,0,2007-05-22
3084260000,-0.001207231600010017,0,2007-05-23
3365530000,-0.009702564079535403,1,2007-05-24
2316250000,0.00545268067865301,1,2007-05-25
2571790000,0.0015702037391096546,1,2007-05-29
2980210000,0.007983608061428171,1,2007-05-30
3335530000,0.00025487322390449485,1,2007-05-31
2927020000,0.0037370286036848555,1,2007-06-01
2738930000,0.0018486063981995038,0,2007-06-04
2939450000,-0.005347069382311664,0,2007-06-05
2964190000,-0.008863742592418067,0,2007-06-06
3538470000,-0.017569780868271323,1,2007-06-07
2993460000,0.011370393887050856,1,2007-06-08
2525280000,0.0009617165093236402,0,2007-06-11
3056200000,-0.010681718597158829,1,2007-06-12
3077930000,0.015184222334435615,1,2007-06-13
2813630000,0.004816303381447451,1,2007-06-14
3406030000,0.006526762620259197,0,2007-06-15
2480240000,-0.0012133688932095543,1,2007-06-18
2873590000,0.0017307744745367337,0,2007-06-19
3286900000,-0.013601086272203244,1,2007-06-20
3161110000,0.006180412864005502,0,2007-06-21
4284320000,-0.012895816927002701,0,2007-06-22
3287250000,-0.0032079039581859314,0,2007-06-25
3398530000,-0.0032381959602871824,1,2007-06-26
3398150000,0.009009338290096647,0,2007-06-27
3006710000,-0.0004182355225962331,0,2007-06-28
3165410000,-0.0015673572021088766,1,2007-06-29
2648990000,0.010696164157472765,1,2007-07-02
1560790000,0.0035802512876219605,1,2007-07-03
2622950000,0.0003475898263931576,1,2007-07-05
2441520000,0.0033039969263952695,1,2007-07-06
2715330000,0.0009213260458897921,0,2007-07-09
3244280000,-0.014185449499020453,1,2007-07-10
3082920000,0.00572140934255172,1,2007-07-11
3489600000,0.01905497986526261,1,2007-07-12
2801120000,0.003101407882381002,0,2007-07-13
2704110000,-0.0019194721215780586,0,2007-07-16
3007140000,-9.681992628141067e-05,0,2007-07-17
3609220000,-0.0020653240878290013,1,2007-07-18
3251450000,0.0044690505655788915,0,2007-07-19
3745780000,-0.012220864994591185,1,2007-07-20
3102700000,0.004869285458577677,0,2007-07-23
4115830000,-0.01980442554686246,1,2007-07-24
4283200000,0.004665612144987508,0,2007-07-25
4472550000,-0.02333849273648292,0,2007-07-26
4784650000,-0.01599158435597181,1,2007-07-27
4128780000,0.010254006997153065,0,2007-07-30
4524520000,-0.012646643428824822,1,2007-07-31
5256780000,0.007242669003718616,1,2007-08-01
4368850000,0.004359290987711706,0,2007-08-02
4272110000,-0.026585989591270898,1,2007-08-03
5067200000,0.024151105980530163,1,2007-08-06
4909390000,0.006159366016551537,1,2007-08-07
5499560000,0.014071842031649018,0,2007-08-08
5889600000,-0.029649630183580356,1,2007-08-09
5345780000,0.0003785373521689728,0,2007-08-10
3696280000,-0.0004952881702965373,0,2007-08-13
3814630000,-0.018156542744898196,0,2007-08-14
4290930000,-0.013907838088907498,1,2007-08-15
6509300000,0.003248786889889166,1,2007-08-16
3570040000,0.024566469488606746,0,2007-08-17
3321340000,-0.0002696464541576127,1,2007-08-20
3012150000,0.0010860546062276821,1,2007-08-21
3309120000,0.011712885751746116,0,2007-08-22
3084390000,-0.001072316451165345,1,2007-08-23
2541400000,0.011535039396367575,0,2007-08-24
2406180000,-0.008503590106740622,0,2007-08-27
3078090000,-0.023473062124790167,1,2007-08-28
2824070000,0.021921880487575596,0,2007-08-29
2582960000,-0.0041810099171704085,1,2007-08-30
2731610000,0.011216744478492524,1,2007-08-31
2766600000,0.01046822150297233,0,2007-09-04
2991600000,-0.011501124180816724,1,2007-09-05
2459590000,0.0042518862449216765,0,2007-09-06
3191080000,-0.016908457052106307,0,2007-09-07
2835720000,-0.0012728131774627505,1,2007-09-10
3015330000,0.013632320540153398,1,2007-09-11
2885720000,4.761728577151736e-05,1,2007-09-12
2877080000,0.008419562970447103,1,2007-09-13
2641740000,0.0002021960564695391,0,2007-09-14
2598390000,-0.0051204147454522175,1,2007-09-17
3708940000,0.02920800742879237,1,2007-09-18
3846750000,0.0060864071258255326,0,2007-09-19
2957700000,-0.00672323571146749,1,2007-09-20
3679460000,0.004609053497942384,0,2007-09-21
3131310000,-0.0052564440643945165,0,2007-09-24
3187770000,-0.00034262980763510864,1,2007-09-25
3237390000,0.005411303128236344,1,2007-09-26
2872180000,0.003907094941590916,0,2007-09-27
2925350000,-0.0030234199663373706,1,2007-09-28
3281990000,0.013289693179957318,0,2007-10-01
3101910000,-0.00026504432292262514,0,2007-10-02
3065320000,-0.004551857289897487,1,2007-10-03
2690430000,0.002110951663853111,1,2007-10-04
2919030000,0.009560291622441541,0,2007-10-05
2040650000,-0.003216513893620543,1,2007-10-08
2932040000,0.008096245420633474,0,2007-10-09
3044760000,-0.00171233023616435,0,2007-10-10
3911260000,-0.005158458514124553,1,2007-10-11
2788690000,0.004754224745041169,0,2007-10-12
3139290000,-0.00838141086014621,0,2007-10-15
3234560000,-0.006573168570868315,1,2007-10-16
3638070000,0.0017613961937021916,0,2007-10-17
3203210000,-0.0007526629123547623,0,2007-10-18
4160970000,-0.025615521464831148,1,2007-10-19
3471830000,0.003798372119262039,1,2007-10-22
3309120000,0.008802858704579641,0,2007-10-23
4003300000,-0.0024414223711310967,0,2007-10-24
4183960000,-0.0009763176926820272,1,2007-10-25
3612120000,0.013787641670760742,1,2007-10-26
3124480000,0.0037126459428287184,0,2007-10-29
3212520000,-0.006463394115263088,1,2007-10-30
3953070000,0.011991995609034412,0,2007-10-31
4241470000,-0.026423513500588247,1,2007-11-01
4285990000,0.0008022082779672868,0,2007-11-02
3819330000,-0.004954777827830159,1,2007-11-05
3879160000,0.012049218834373487,0,2007-11-06
4353160000,-0.02936979868078282,0,2007-11-07
5439720000,-0.0005760125159255391,0,2007-11-08
4587050000,-0.014287019725334527,0,2007-11-09
4192520000,-0.009988235501578235,1,2007-11-12
4141310000,0.029092951232353004,0,2007-11-13
4031470000,-0.007069371343474851,0,2007-11-14
3941010000,-0.013212427900045731,1,2007-11-15
4168870000,0.005230310920731451,0,2007-11-16
4119650000,-0.017460253968243356,1,2007-11-19
4875150000,0.004486196985218349,0,2007-11-20
4076230000,-0.015926882279853283,1,2007-11-21
1612720000,0.01689048420755146,0,2007-11-23
3706470000,-0.023238690638891946,1,2007-11-26
4320720000,0.014930153212029174,1,2007-11-27
4508020000,0.028559853539212643,1,2007-11-28
3524730000,0.0004764749033838722,1,2007-11-29
4422200000,0.0077702175740654855,0,2007-11-30
3323250000,-0.005887337197621245,0,2007-12-03
3343620000,-0.006540256581273551,1,2007-12-04
3663660000,0.015190129895446658,1,2007-12-05
3568570000,0.015036906086721702,0,2007-12-06
3177710000,-0.0017779211733210953,1,2007-12-07
2911760000,0.007509953412149439,0,2007-12-10
4080180000,-0.025271074111842595,1,2007-12-11
4482120000,0.006050107439882435,1,2007-12-12
3635170000,0.0012243243942324789,0,2007-12-13
3401050000,-0.01374626785493871,0,2007-12-14
3569030000,-0.015020898185397868,1,2007-12-17
3723690000,0.006279795215002659,0,2007-12-18
3401300000,-0.0013608300425632658,1,2007-12-19
3526890000,0.004900203108869627,1,2007-12-20
4508590000,0.016669839397931874,1,2007-12-21
1267420000,0.008077004803014542,1,2007-12-24
2010500000,0.0008086358029313345,0,2007-12-26
2365770000,-0.014282289812289406,1,2007-12-27
2420510000,0.0015037700920255137,0,2007-12-28
2440880000,-0.006851588410961562,0,2007-12-31
3452650000,-0.014437843160646446,0,2008-01-02
3429500000,0.0,0,2008-01-03
4166000000,-0.024551555085623233,1,2008-01-04
4221260000,0.0032232587947169655,0,2008-01-07
4705390000,-0.018352265474000595,1,2008-01-08
5351030000,0.013624083236714934,1,2008-01-09
5170490000,0.007948131920451518,0,2008-01-10
4495840000,-0.013595387776707546,1,2008-01-11
3682090000,0.01087063729028337,0,2008-01-14
4601640000,-0.024925012411738723,0,2008-01-15
5440620000,-0.005612078839948742,0,2008-01-16
5303130000,-0.02909259582902124,0,2008-01-17
6004840000,-0.006045421784173999,0,2008-01-18
6544690000,-0.011085159151345114,1,2008-01-22
3241680000,0.021442179004912187,1,2008-01-23
5735300000,0.01006273042641359,0,2008-01-24
4882250000,-0.015871931031674613,1,2008-01-25
4100930000,0.01754832433469833,1,2008-01-28
4232960000,0.0061597743886385725,0,2008-01-29
4742760000,-0.0047639947161109975,1,2008-01-30
4970290000,0.016772253672436177,1,2008-01-31
4650770000,0.01223749194418322,0,2008-02-01
3495780000,-0.010462869384454843,0,2008-02-04
4315740000,-0.031995432684296055,0,2008-02-05
4008120000,-0.007623640894248274,1,2008-02-06
4589160000,0.007885772846967454,0,2008-02-07
3768490000,-0.004203719751894819,1,2008-02-08
3593140000,0.005888999083801139,1,2008-02-11
4044640000,0.007265896838448915,1,2008-02-12
3856420000,0.013604062530741423,0,2008-02-13
3644760000,-0.013421475932895444,1,2008-02-14
3583300000,0.0008377480947496796,0,2008-02-15
3613550000,-0.0008962740066612573,1,2008-02-19
3870520000,0.008340870828184466,0,2008-02-20
3696660000,-0.012867362942748706,1,2008-02-21
3572660000,0.007880610357913875,1,2008-02-22
3866350000,0.013812671311938196,1,2008-02-25
4096060000,0.006917910698780005,0,2008-02-26
3904700000,-0.0009194445013966934,0,2008-02-27
3938580000,-0.00894187449867867,0,2008-02-28
4426730000,-0.027089704735838493,1,2008-02-29
4117570000,0.0005335524788219193,0,2008-03-03
4757180000,-0.003447628658457935,1,2008-03-04
4277710000,0.005238327621537531,0,2008-03-05
4323460000,-0.022013935987449718,0,2008-03-06
4565410000,-0.008410361554953893,0,2008-03-07
4261240000,-0.01546347918654778,1,2008-03-10
5109080000,0.037129844018763736,0,2008-03-11
4414280000,-0.008995573894062803,1,2008-03-12
5073360000,0.005126921336342294,0,2008-03-13
5153780000,-0.02078326255529206,0,2008-03-14
5683010000,-0.00895868378535658,1,2008-03-17
5335630000,0.04240953758720556,0,2008-03-18
5358550000,-0.02428719849575589,1,2008-03-19
6145220000,0.0239444592412823,1,2008-03-20
4499000000,0.015321430427423843,1,2008-03-24
4145120000,0.0023038976355771457,0,2008-03-25
4055670000,-0.008765759863092581,0,2008-03-26
4037930000,-0.011460481132498757,0,2008-03-27
3686980000,-0.00795018629681199,1,2008-03-28
4188990000,0.0056872467232620405,1,2008-03-31
4745120000,0.03589635162305438,0,2008-04-01
4320440000,-0.0019340702025878453,1,2008-04-02
3920100000,0.001301638178863307,1,2008-04-03
3703100000,0.0007959963585104646,1,2008-04-04
3747780000,0.0015615985189088022,0,2008-04-07
3602500000,-0.005100033369358936,0,2008-04-08
3556670000,-0.008092072375784243,1,2008-04-09
3686150000,0.004474051958627934,0,2008-04-10
3723790000,-0.020374180867005598,0,2008-04-11
3565020000,-0.0033837848145122917,1,2008-04-14
3581230000,0.004599876286541349,1,2008-04-15
4260370000,0.022691265939609684,1,2008-04-16
3713880000,0.0006229145243916712,1,2008-04-17
4222380000,0.01813900260560164,0,2008-04-18
3420570000,-0.001553524830540276,0,2008-04-21
3821900000,-0.008810233726340488,1,2008-04-22
4103610000,0.0028999174924810855,1,2008-04-23
4461660000,0.006442277675030139,1,2008-04-24
3891150000,0.006494736452591576,0,2008-04-25
3607000000,-0.0010516015703287973,0,2008-04-28
3815320000,-0.003888692631555557,0,2008-04-29
4508890000,-0.0038463023648085404,1,2008-04-30
4448780000,0.017140713043443112,1,2008-05-01
3953030000,0.0032355987230490157,0,2008-05-02
3410090000,-0.0045335837534509205,1,2008-05-05
3924100000,0.007651933303949532,0,2008-05-06
4075860000,-0.018113789643415146,1,2008-05-07
3827550000,0.0036695517058173976,0,2008-05-08
3518620000,-0.0067254479228667785,1,2008-05-09
3370630000,0.011020778542468523,0,2008-05-12
4018590000,-0.00038467134690722826,1,2008-05-13
3979370000,0.0040055842746602455,1,2008-05-14
3836480000,0.01058446448937378,1,2008-05-15
3842590000,0.0012503981989189228,1,2008-05-16
3683970000,0.0008980456160241346,0,2008-05-19
3854320000,-0.009273589104020541,0,2008-05-20
4517990000,-0.016053532676263305,1,2008-05-21
3955960000,0.0026173787135195248,0,2008-05-22
3516380000,-0.013210400686713863,1,2008-05-23
3588860000,0.006846221470047986,1,2008-05-27
3927240000,0.003962890483361736,1,2008-05-28
3894440000,0.005334937252062799,1,2008-05-29
3845630000,0.0015161665944682934,0,2008-05-30
3714320000,-0.010504263761414556,0,2008-06-02
4396380000,-0.005787827748960472,0,2008-06-03
4338640000,-0.0003266963555412783,1,2008-06-04
4350790000,0.019496150601372664,0,2008-06-05
4771660000,-0.030889208795217615,1,2008-06-06
4404570000,0.0007936884587542714,0,2008-06-09
4635070000,-0.002438071565889488,0,2008-06-10
4779980000,-0.01689434363076614,1,2008-06-11
4734240000,0.0032796987733647587,1,2008-06-12
4080420000,0.015046261393385496,1,2008-06-13
3706940000,8.086979639654324e-05,0,2008-06-16
3801960000,-0.006771332979186417,0,2008-06-17
4573570000,-0.009711824147480841,1,2008-06-18
4811670000,0.003752324501292925,0,2008-06-19
5324900000,-0.01854285587797533,1,2008-06-20
4186370000,5.307283862721057e-05,0,2008-06-23
4705050000,-0.002814841378983357,1,2008-06-24
4825640000,0.005843407020038827,0,2008-06-25
5231280000,-0.029365225496321257,0,2008-06-26
6208260000,-0.0037174293266512004,1,2008-06-27
5032330000,0.0012672250121246176,1,2008-06-30
5846290000,0.003835964202880904,0,2008-07-01
5276090000,-0.01820362050746238,1,2008-07-02
3247590000,0.0010939223012293997,0,2008-07-03
5265420000,-0.008385434805281422,1,2008-07-07
6034110000,0.01708034877731812,0,2008-07-08
5181000000,-0.022776172472122824,1,2008-07-09
5840430000,0.0069897513852792414,0,2008-07-10
6742200000,-0.011089943474586694,0,2008-07-11
5434860000,-0.00902785943768214,0,2008-07-14
7363640000,-0.010901257116461394,1,2008-07-15
6738630000,0.02506354406105049,1,2008-07-16
7365210000,0.012012559511679566,1,2008-07-17
5653280000,0.00028572698776629935,0,2008-07-18
4630640000,-0.0005394340212933058,1,2008-07-21
6180230000,0.013492063492063444,1,2008-07-22
6705830000,0.004064167115309214,0,2008-07-23
6127980000,-0.023124422822433988,1,2008-07-24
4672560000,0.00416750805589583,0,2008-07-25
4282960000,-0.01859656410350974,1,2008-07-28
5414240000,0.023356008464828548,1,2008-07-29
5631330000,0.01667199129814123,0,2008-07-30
5346050000,-0.013143759639368535,0,2008-07-31
4684870000,-0.005578395005305659,0,2008-08-01
4562280000,-0.00896608636190177,1,2008-08-04
1219310000,0.028718741112345736,1,2008-08-05
4873420000,0.003354349438903892,0,2008-08-06
5319380000,-0.017933738369047658,1,2008-08-07
4966810000,0.02389283474318682,1,2008-08-08
5067310000,0.006942730477737413,0,2008-08-11
4711290000,-0.012050670422580567,0,2008-08-12
4787600000,-0.0029156630132689543,1,2008-08-13
4064000000,0.005521801403690407,1,2008-08-14
4041820000,0.004075933919094776,0,2008-08-15
3829290000,-0.015097809523290096,0,2008-08-18
4159760000,-0.009314902555218274,1,2008-08-19
4555030000,0.006197331643397197,1,2008-08-20
4032590000,0.0024949640993341404,1,2008-08-21
3741070000,0.011332671321386378,0,2008-08-22
3420600000,-0.019625434383095275,1,2008-08-25
3587570000,0.0036863724474374138,1,2008-08-26
3499610000,0.007982653959549557,1,2008-08-27
3854280000,0.014840144050698667,0,2008-08-28
3288120000,-0.013723665251360151,0,2008-08-29
4783560000,-0.004092514347066145,0,2008-09-02
5056980000,-0.0020350785667978544,0,2008-09-03
5212500000,-0.02992205759970956,1,2008-09-04
5017080000,0.004430764724152825,1,2008-09-05
7351340000,0.02051016192977806,0,2008-09-08
7380630000,-0.03413816796421554,1,2008-09-09
6543440000,0.006149422411268146,1,2008-09-10
6869250000,0.013806377411702098,1,2008-09-11
6273260000,0.002121534158087801,0,2008-09-12
8279510000,-0.04713589702129706,1,2008-09-15
9459830000,0.017523287725070613,0,2008-09-16
9431870000,-0.04714070706031326,1,2008-09-17
10082690000,0.043341774386062015,1,2008-09-18
9387170000,0.0402565630586833,0,2008-09-19
5368130000,-0.038236599989398545,0,2008-09-22
5185730000,-0.01563263356626765,0,2008-09-23
4820360000,-0.001977727730452905,1,2008-09-24
5877640000,0.019656504245599393,1,2008-09-25
5383610000,0.0033824291161275166,0,2008-09-26
7305060000,-0.08806776221769597,1,2008-09-29
4937680000,0.0541746705821724,0,2008-09-30
5782130000,-0.004543988840816637,0,2008-10-01
6285640000,-0.04029079197981711,0,2008-10-02
6716120000,-0.013506522985628489,0,2008-10-03
7956020000,-0.03851784119121027,0,2008-10-06
7069210000,-0.05739484084336377,0,2008-10-07
8716330000,-0.01133270253725105,0,2008-10-08
6819000000,-0.07616709580816616,0,2008-10-09
11456230000,-0.011759289177065702,1,2008-10-10
7263370000,0.11580036951513706,0,2008-10-13
8161990000,-0.005322136791994336,0,2008-10-14
6542330000,-0.0903497780862258,1,2008-10-15
7984500000,0.042507451399756535,0,2008-10-16
6581780000,-0.006212826018106576,1,2008-10-17
5175640000,0.04768490479313692,0,2008-10-20
5121830000,-0.030799711659374562,0,2008-10-21
6147980000,-0.06101246975642627,1,2008-10-22
7189900000,0.012634041442215027,0,2008-10-23
6550050000,-0.034511200543819176,0,2008-10-24
5558050000,-0.03176435781413156,1,2008-10-27
7096950000,0.10789005877973534,0,2008-10-28
7077800000,-0.011079077098555157,1,2008-10-29
6175830000,0.025803953710955563,1,2008-10-30
6394350000,0.01536539816147986,0,2008-10-31
4492280000,-0.0025290448588709546,1,2008-11-03
5531290000,0.04082584363592434,0,2008-11-04
5426640000,-0.05267708721725084,0,2008-11-05
6102230000,-0.05026398151360678,1,2008-11-06
4931640000,0.028854638416884848,0,2008-11-07
4572000000,-0.012653163176065019,0,2008-11-10
4998340000,-0.02204067545102073,0,2008-11-11
5764180000,-0.05189390264262972,1,2008-11-12
7849120000,0.06921270805966984,0,2008-11-13
5881030000,-0.041699130810434304,0,2008-11-14
4927490000,-0.025810416464710606,1,2008-11-17
6679470000,0.00983837216243022,0,2008-11-18
6548600000,-0.06115557585198217,0,2008-11-19
9093740000,-0.06712293077105447,1,2008-11-20
9495900000,0.06324760339835156,1,2008-11-21
7879440000,0.06472253086203117,1,2008-11-24
6952700000,0.006550776705881445,1,2008-11-25
5793260000,0.03532812081997916,1,2008-11-26
2740860000,0.009643111965147444,0,2008-11-28
6052010000,-0.0892952436107991,1,2008-12-01
6170100000,0.03994067054843109,1,2008-12-02
6221880000,0.025836162084397873,0,2008-12-03
5860390000,-0.02930842710506598,1,2008-12-04
6165370000,0.03649941753675101,1,2008-12-05
6553600000,0.0383873487297306,0,2008-12-08
5693110000,-0.023117543162227583,1,2008-12-09
5942130000,0.01189418741207482,0,2008-12-10
5513840000,-0.0285240465920793,1,2008-12-11
5959590000,0.007028415417449585,0,2008-12-12
4982390000,-0.012685680143110334,1,2008-12-15
6009780000,0.05136026454446818,0,2008-12-16
5907380000,-0.009592862125632595,0,2008-12-17
5675000000,-0.021162683238924562,1,2008-12-18
6705310000,0.002936896236101161,0,2008-12-19
4869850000,-0.018302022695223075,0,2008-12-22
4051970000,-0.009717462330154691,1,2008-12-23
1546550000,0.005781143038123382,1,2008-12-24
1880050000,0.005356174910027267,0,2008-12-26
3323430000,-0.003872599599089699,1,2008-12-29
3627800000,0.024407112966569722,1,2008-12-30
4172940000,0.01415834135471683,1,2008-12-31
4048270000,0.03160806841181141,0,2009-01-02
5413910000,-0.004668357633531128,1,2009-01-05
5392620000,0.0078171328961949,0,2009-01-06
4704940000,-0.030009615306130777,1,2009-01-07
4991550000,0.0033970727091503505,0,2009-01-08
4716500000,-0.021303029798827477,0,2009-01-09
4725050000,-0.02256412239141281,1,2009-01-12
5567460000,0.0017580587922576552,0,2009-01-13
5407880000,-0.03345987410426654,1,2009-01-14
7807350000,0.0013291817470242329,1,2009-01-15
6786040000,0.0075615769747268136,0,2009-01-16
6375230000,-0.052816102046715274,1,2009-01-20
6467830000,0.04349124562903017,0,2009-01-21
5843830000,-0.015162323124874533,1,2009-01-22
5832160000,0.005377658256231044,1,2009-01-23
6039940000,0.005553212391849582,1,2009-01-26
5353260000,0.010925582519593302,1,2009-01-27
6199180000,0.03355760738960489,0,2009-01-28
5067060000,-0.03312017219917118,0,2009-01-29
5350580000,-0.022789134855526583,0,2009-01-30
5673270000,-0.0005327680035899229,1,2009-02-02
5886310000,0.01583398827965876,0,2009-02-03
6420450000,-0.007489510230927809,1,2009-02-04
6624030000,0.016365662661559144,1,2009-02-05
6484100000,0.026896022529575125,1,2009-02-06
5574370000,0.0014851935283901607,0,2009-02-09
6770170000,-0.04912120013376109,1,2009-02-10
5926460000,0.007954951041488467,1,2009-02-11
6476460000,0.0017391659558319006,0,2009-02-12
5296650000,-0.00999769580757559,0,2009-02-13
5907820000,-0.0455590473632177,0,2009-02-17
5740710000,-0.000950365594538094,0,2009-02-18
5746940000,-0.01202402358417931,0,2009-02-19
8210590000,-0.01141296456796903,0,2009-02-20
6509300000,-0.034699008021163436,1,2009-02-23
7234490000,0.04010331464253336,0,2009-02-24
7483640000,-0.010657824039959851,0,2009-02-25
7599970000,-0.01577984957375933,0,2009-02-26
8926480000,-0.023564403426620917,0,2009-02-27
7868290000,-0.04662016661802437,0,2009-03-02
7583230000,-0.006406766626880556,1,2009-03-03
7673620000,0.02375307342984989,0,2009-03-04
7507250000,-0.04253230958224652,1,2009-03-05
7331830000,0.0012160531897855709,0,2009-03-06
7277320000,-0.010023669901070842,1,2009-03-09
8618330000,0.06366302222212594,1,2009-03-10
7287810000,0.002445816877900686,1,2009-03-11
7326630000,0.04072863130673077,1,2009-03-12
6787090000,0.007739027671590959,0,2009-03-13
7883540000,-0.0035159251701146754,1,2009-03-16
6156800000,0.032139940837456527,1,2009-03-17
9098450000,0.020857940382711382,0,2009-03-18
9033870000,-0.012979162680767709,0,2009-03-19
7643720000,-0.01976940007446848,1,2009-03-20
7715770000,0.07075754864749229,0,2009-03-23
6767980000,-0.020415092769478838,1,2009-03-24
7687180000,0.009626370531222062,1,2009-03-25
6992960000,0.02332036707485252,0,2009-03-26
5600210000,-0.020315519064124654,0,2009-03-27
5912660000,-0.03481870365409789,1,2009-03-30
6089100000,0.013129614663131228,1,2009-03-31
6034140000,0.01655660953977356,1,2009-04-01
7542810000,0.028727113604116505,1,2009-04-02
5855640000,0.00973177097925304,0,2009-04-03
6210000000,-0.008332367396142404,0,2009-04-06
5155580000,-0.02385454246862917,1,2009-04-07
5938460000,0.011783441230339475,1,2009-04-08
7600710000,0.0380532568665477,1,2009-04-09
6434890000,0.0025333694269418228,0,2009-04-13
7569840000,-0.02006449158715151,1,2009-04-14
6241100000,0.012549016706588034,1,2009-04-15
6598670000,0.015538800404093056,1,2009-04-16
7352010000,0.004969360746134077,0,2009-04-17
6973960000,-0.04278974468970964,1,2009-04-20
7436490000,0.021252059887909347,0,2009-04-21
7327860000,-0.007681664273476052,1,2009-04-22
6563100000,0.009922346320087705,1,2009-04-23
7114440000,0.016797349335216705,0,2009-04-24
5613460000,-0.0100665768903615,0,2009-04-27
6328000000,-0.0027405354973477625,1,2009-04-28
6101620000,0.021610040324914648,0,2009-04-29
6862540000,-0.0009500676204463598,1,2009-04-30
5312170000,0.005396388659423046,1,2009-05-01
7038840000,0.03386813980494785,0,2009-05-04
6882860000,-0.0037917226736418064,1,2009-05-05
8555040000,0.01740433914180306,0,2009-05-06
9120100000,-0.013202412386380091,1,2009-05-07
8163280000,0.024068995104353563,0,2009-05-08
6150600000,-0.02151242496964101,0,2009-05-11
6871750000,-0.0009788555914792552,0,2009-05-12
7091820000,-0.02689491201893024,1,2009-05-13
6134870000,0.010351643351174777,0,2009-05-14
5439720000,-0.01141008247711417,1,2009-05-15
5702150000,0.030389200051489373,0,2009-05-18
6616270000,-0.0017368359715522752,0,2009-05-19
8205060000,-0.005131461524926495,0,2009-05-20
6019840000,-0.016757561517510733,0,2009-05-21
5155320000,-0.00149721056843366,1,2009-05-22
5667050000,0.02630216131887675,0,2009-05-26
5698800000,-0.018971163431981575,1,2009-05-27
5738980000,0.015418918738823617,1,2009-05-28
6050420000,0.013574757481119137,1,2009-05-29
6370440000,0.025817590454732198,1,2009-06-01
5987340000,0.0019833011198484574,0,2009-06-02
5323770000,-0.013739209309357014,1,2009-06-03
5352890000,0.011483656837475431,0,2009-06-04
5277910000,-0.002514690344346815,0,2009-06-05
4483430000,-0.001010554499986549,1,2009-06-08
4439950000,0.0035031816087351952,0,2009-06-09
5379420000,-0.0034803309393901527,1,2009-06-10
5500840000,0.006111899148334876,1,2009-06-11
4528120000,0.0013969957389272647,0,2009-06-12
4697880000,-0.023768561680042266,0,2009-06-15
4951200000,-0.012720305257724385,0,2009-06-16
5523650000,-0.0013815682214813885,1,2009-06-17
4684010000,0.008410990281999098,1,2009-06-18
5713390000,0.003114197291689047,0,2009-06-19
4903940000,-0.030600396251826645,1,2009-06-22
5071020000,0.0023067249051313965,1,2009-06-23
4636720000,0.006524440861084724,1,2009-06-24
4911240000,0.021444277390130884,0,2009-06-25
6076660000,-0.001477827284822375,1,2009-06-26
4211760000,0.009065138571521025,0,2009-06-29
4627570000,-0.008530756458643096,1,2009-06-30
3919400000,0.004361930267673175,0,2009-07-01
3931000000,-0.029144546025377416,1,2009-07-02
4712580000,0.0025657480163505664,0,2009-07-06
4673300000,-0.019683485382449017,0,2009-07-07
5721780000,-0.001668537608706111,1,2009-07-08
4347170000,0.003547222617954038,0,2009-07-09
3912080000,-0.00402182877421664,1,2009-07-10
4499440000,0.024933721734452963,1,2009-07-13
4149030000,0.005316063622877065,1,2009-07-14
5238830000,0.02962991811422233,1,2009-07-15
4898640000,0.008641760970416357,0,2009-07-16
5141380000,-0.00038266189946156715,1,2009-07-17
4853150000,0.01143154888894049,1,2009-07-20
5309300000,0.003627277227424175,0,2009-07-21
4634100000,-0.0005342765996504406,1,2009-07-22
5761650000,0.023289664838582524,1,2009-07-23
4458300000,0.003042161453180592,1,2009-07-24
4631290000,0.0029818259512661704,0,2009-07-27
5490350000,-0.0026064444171983725,0,2009-07-28
5178770000,-0.004562963930304753,1,2009-07-29
6035180000,0.01189558047020256,1,2009-07-30
5139070000,0.0007397825880415265,1,2009-07-31
5603440000,0.015342107904679603,1,2009-08-03
5713700000,0.003012097699592653,0,2009-08-04
7242120000,-0.002913591845875696,0,2009-08-05
6753380000,-0.005624654717235167,1,2009-08-06
6827090000,0.013439205629671047,0,2009-08-07
5406080000,-0.0033449498734695604,0,2009-08-10
5773160000,-0.012660113503211945,1,2009-08-11
5498170000,0.011525139291026054,1,2009-08-12
5250660000,0.0068800100684554,0,2009-08-13
4940750000,-0.008531349698250423,0,2009-08-14
4088570000,-0.02426081898553223,1,2009-08-17
4198970000,0.01014565506778764,1,2009-08-18
4257000000,0.006860912404894393,1,2009-08-19
4893160000,0.010948731413161106,1,2009-08-20
5885550000,0.018622760114512582,0,2009-08-21
6302450000,-0.0005457969176273503,1,2009-08-24
5768740000,0.0023694665778091206,1,2009-08-25
5080060000,0.0001167267676920325,1,2009-08-26
5785880000,0.002781762211750971,0,2009-08-27
5785780000,-0.001988328383331406,0,2009-08-28
5004560000,-0.008076407685613796,0,2009-08-31
6862360000,-0.022123823948061228,0,2009-09-01
5842730000,-0.003296439120451411,1,2009-09-02
4624280000,0.008534797923473336,1,2009-09-03
4097370000,0.013117533499250822,1,2009-09-04
5235160000,0.008844933115342624,1,2009-09-08
5202550000,0.007782385584753415,1,2009-09-09
5191380000,0.010422229774562641,0,2009-09-10
4922600000,-0.0013504263412050799,1,2009-09-11
4979610000,0.0063391150876768165,1,2009-09-14
6185620000,0.0031353414238139976,1,2009-09-15
6793530000,0.015323527552882465,0,2009-09-16
6668110000,-0.003059638741504833,1,2009-09-17
5607970000,0.0026373392706691146,0,2009-09-18
4615280000,-0.0034072961546995906,1,2009-09-21
5246600000,0.006574868761175523,0,2009-09-22
5531930000,-0.010068528001755062,0,2009-09-23
5505610000,-0.00951102950102567,0,2009-09-24
4507090000,-0.006090736629573268,1,2009-09-25
3726950000,0.017809586069224448,0,2009-09-28
4949900000,-0.0022295764367475934,0,2009-09-29
5998860000,-0.003328301020761093,0,2009-09-30
5791450000,-0.025759622356647194,0,2009-10-01
5583240000,-0.004505524841904807,1,2009-10-02
4313310000,0.014875001786029074,1,2009-10-05
5029840000,0.013705486324313787,1,2009-10-06
4238220000,0.002711606332490124,1,2009-10-07
4988400000,0.007469907470196047,1,2009-10-08
3763780000,0.005640659492242017,1,2009-10-09
3710430000,0.00438636964853667,0,2009-10-12
4320480000,-0.0027876120046986808,1,2009-10-13
5406420000,0.0175458950913443,1,2009-10-14
5369780000,0.004157468710554335,0,2009-10-15
4894740000,-0.008098056110305896,1,2009-10-16
4619240000,0.009405321384581278,0,2009-10-19
5396930000,-0.006239104637617676,0,2009-10-20
5616290000,-0.008853806079326398,1,2009-10-21
5192410000,0.010643618925255227,0,2009-10-22
4767460000,-0.012178549173757158,0,2009-10-23
6363380000,-0.01171732558366989,0,2009-10-26
5337380000,-0.0033177910438061398,0,2009-10-27
6600350000,-0.019540937765275768,1,2009-10-28
5595040000,0.02251995469034007,0,2009-10-29
6512420000,-0.02806468784310845,1,2009-10-30
6202640000,0.006456406503505763,1,2009-11-02
5487500000,0.0024260023061419833,1,2009-11-03
5635510000,0.0010426203926459099,1,2009-11-04
4848350000,0.01923555172748448,1,2009-11-05
4277130000,0.0025032522365671106,1,2009-11-06
4460030000,0.022238760067974983,0,2009-11-09
4394770000,-6.399009393143196e-05,1,2009-11-10
4286700000,0.005031975874749239,0,2009-11-11
4160250000,-0.010259368991689555,1,2009-11-12
3792610000,0.0057392942592462415,1,2009-11-13
4565850000,0.014467634197192325,1,2009-11-16
3824070000,0.0009194063067201608,0,2009-11-17
4293340000,-0.00046824112515952976,0,2009-11-18
4178030000,-0.013425863902056911,0,2009-11-19
3751230000,-0.00321492323752004,1,2009-11-20
3827920000,0.013615775701478094,0,2009-11-23
3700820000,-0.0005333072620051782,1,2009-11-24
3036350000,0.004504120073066664,0,2009-11-25
2362910000,-0.017233475202623416,1,2009-11-27
3895520000,0.003792993692547375,1,2009-11-30
4249310000,0.012075226499629332,1,2009-12-01
3941340000,0.00034269870662884117,0,2009-12-02
4810030000,-0.008402100871871099,1,2009-12-03
5781140000,0.0055094336691066115,0,2009-12-04
4103360000,-0.0024683814508043023,0,2009-12-07
4748030000,-0.010251582681849114,1,2009-12-08
4115410000,0.0036723720907769763,1,2009-12-09
3996490000,0.005839705004064388,1,2009-12-10
3791090000,0.003683094011583732,1,2009-12-11
4548490000,0.006959401066516824,0,2009-12-14
5045100000,-0.005546967284989268,1,2009-12-15
4829820000,0.0011282300681465518,0,2009-12-16
7615070000,-0.011810614167124256,1,2009-12-17
6325890000,0.005829880031232637,1,2009-12-18
3977340000,0.010503758317892853,1,2009-12-21
3641130000,0.0035635478920368335,1,2009-12-22
3166870000,0.0022986585608189003,1,2009-12-23
1267710000,0.005256172933982839,1,2009-12-24
2716400000,0.0011540807210652648,0,2009-12-28
2491020000,-0.0014010516979849896,1,2009-12-29
2277300000,0.00019542957110640913,0,2009-12-30
2076990000,-0.010049597767921581,1,2009-12-31
3991400000,0.01604341766668682,1,2010-01-04
2491020000,0.0031156756258232665,1,2010-01-05
4972660000,0.0005455206301101523,1,2010-01-06
5270680000,0.00400120187417663,1,2010-01-07
4389590000,0.0028817272914287706,1,2010-01-08
4255780000,0.0017467554316374923,0,2010-01-11
4716160000,-0.009381166148364262,1,2010-01-12
4170360000,0.008325925658531075,1,2010-01-13
3915200000,0.0024264254383745687,0,2010-01-14
4758730000,-0.010823130159869354,1,2010-01-15
4724830000,0.012499626599363545,0,2010-01-19
4810560000,-0.010597829662970737,0,2010-01-20
6874290000,-0.01894490338978838,0,2010-01-21
6208650000,-0.022140988764300484,1,2010-01-22
4481390000,0.004598098012701168,0,2010-01-25
4731910000,-0.004203199573680982,1,2010-01-26
5319120000,0.004880152210944955,0,2010-01-27
5452400000,-0.011817740959567224,0,2010-01-28
5412850000,-0.009829173828039273,1,2010-01-29
4077610000,0.014266108894671836,1,2010-02-01
4749540000,0.01297294837718499,0,2010-02-02
4285450000,-0.00547431142933863,0,2010-02-03
5859690000,-0.031140677888039425,1,2010-02-04
6438900000,0.002897118921960873,0,2010-02-05
4089820000,-0.00886329049344714,1,2010-02-08
5114260000,0.013040132316577413,0,2010-02-09
4251450000,-0.0022325735201887964,1,2010-02-10
4400870000,0.009680437561949251,0,2010-02-11
4160680000,-0.002744592819371894,1,2010-02-12
4080770000,0.01800074864554846,1,2010-02-16
4259230000,0.0042379594555796984,1,2010-02-17
3878620000,0.006584742448973557,1,2010-02-18
3944280000,0.002186622042297248,0,2010-02-19
3814440000,-0.0010458578339902491,0,2010-02-22
4521050000,-0.012102809596931441,1,2010-02-23
4168360000,0.00972045942422195,0,2010-02-24
4521130000,-0.002081040179913507,1,2010-02-25
3945190000,0.0014053791778985136,1,2010-02-26
3847640000,0.01015850827289455,1,2010-03-01
4134680000,0.0023304422719907514,1,2010-03-02
3951320000,0.00042920160206150193,1,2010-03-03
3945010000,0.0037361180334851696,1,2010-03-04
4133000000,0.014007480947064943,0,2010-03-05
3774680000,-0.00017559601339156572,1,2010-03-08
5185570000,0.0017127370855292146,1,2010-03-09
5469120000,0.00452455995494172,1,2010-03-10
4669060000,0.004041519314613495,0,2010-03-11
4928160000,-0.00021734594703937127,1,2010-03-12
4164110000,0.000452194832708086,1,2010-03-15
4369770000,0.0077791163013856135,1,2010-03-16
4963200000,0.005821675803744153,0,2010-03-17
4234510000,-0.0003258460273372066,0,2010-03-18
5212410000,-0.005086446449439896,1,2010-03-19
4261680000,0.005095296193887933,1,2010-03-22
4411640000,0.007170966908320198,0,2010-03-23
4705750000,-0.005493304207041971,0,2010-03-24
5668900000,-0.001704167338318907,1,2010-03-25
4708420000,0.000737722599547963,1,2010-03-26
4375580000,0.005683234964352302,1,2010-03-29
4085000000,4.265937281555665e-05,0,2010-03-30
4484340000,-0.00327287474868454,1,2010-03-31
4006870000,0.0074138011482498545,1,2010-04-01
3881620000,0.00792799084446738,1,2010-04-05
4086180000,0.0016842957106795176,0,2010-04-06
5101430000,-0.005876707172041695,1,2010-04-07
4726970000,0.003374341747336196,1,2010-04-08
4511570000,0.00668390656297202,1,2010-04-09
4607090000,0.0017666094762833762,1,2010-04-12
5403580000,0.0006854008197059169,1,2010-04-13
5760040000,0.011150066851666862,1,2010-04-14
5995330000,0.0008425387276917995,0,2010-04-15
8108470000,-0.016126534744455467,1,2010-04-16
6597740000,0.004521331252766547,1,2010-04-19
5316590000,0.008058340784849571,0,2010-04-20
5724310000,-0.0010189969053922,1,2010-04-21
6035780000,0.002263879356942944,1,2010-04-22
5326060000,0.0071235200993795544,0,2010-04-23
5647760000,-0.004296448099761374,0,2010-04-26
7454540000,-0.023381945257149872,1,2010-04-27
6342310000,0.006462752419523099,1,2010-04-28
6059410000,0.012943228020842135,0,2010-04-29
6048260000,-0.016647680109796337,1,2010-04-30
4938050000,0.013120586781854904,0,2010-05-03
6594720000,-0.02383846584506677,0,2010-05-04
6795940000,-0.006586554728659322,0,2010-05-05
10617810000,-0.032353496411350324,0,2010-05-06
9472910000,-0.015308264998017185,1,2010-05-07
6893700000,0.04397412445198401,0,2010-05-10
5842550000,-0.003397292018489928,1,2010-05-11
5225460000,0.013739523915341278,0,2010-05-12
4870640000,-0.012145144968583543,0,2010-05-13
6126400000,-0.018800014512092122,1,2010-05-14
5922920000,0.0011093685155389998,0,2010-05-17
6170840000,-0.014195906037184347,0,2010-05-18
6765800000,-0.005130263873571406,0,2010-05-19
8328570000,-0.03897590341661106,1,2010-05-20
5452130000,0.015024380686144978,0,2010-05-21
5224040000,-0.012908014000787449,1,2010-05-24
7329580000,0.00035393738571354305,0,2010-05-25
4521050000,-0.0056609945338124135,1,2010-05-26
5698460000,0.032876173067238,0,2010-05-27
4871210000,-0.01237468831159061,0,2010-05-28
5271480000,-0.01716532127985071,1,2010-06-01
5026360000,0.025842707133391096,1,2010-06-02
4995970000,0.004051376711240895,0,2010-06-03
6180580000,-0.034411425771964765,0,2010-06-04
5467560000,-0.01353207320412908,1,2010-06-07
6192750000,0.010976067492112662,0,2010-06-08
5983200000,-0.005941674758709992,1,2010-06-09
5144780000,0.029506792849203878,1,2010-06-10
4059280000,0.004379678623643857,0,2010-06-11
4425830000,-0.0018046635646612463,1,2010-06-14
4644490000,0.023494191121040897,0,2010-06-15
5002600000,-0.0005559347650669899,1,2010-06-16
4557760000,0.0012830081640498037,1,2010-06-17
4555360000,0.0013171307943036226,0,2010-06-18
4514360000,-0.003856841152281021,0,2010-06-21
4514380000,-0.016070691127224812,0,2010-06-22
4526150000,-0.0029854738442266493,0,2010-06-23
4814830000,-0.01680350261882635,1,2010-06-24
5128840000,0.002859362131449217,0,2010-06-25
3896410000,-0.00203393834902843,0,2010-06-28
6136700000,-0.03101701864061035,0,2010-06-29
5067080000,-0.0101129704925228,0,2010-06-30
6435770000,-0.0032404516759250157,0,2010-07-01
3968500000,-0.004662369010297374,1,2010-07-02
4691240000,0.00535903441522545,1,2010-07-06
4931220000,0.03133081639370272,1,2010-07-07
4548460000,0.00941267817151159,1,2010-07-08
3506570000,0.007203887818266752,1,2010-07-09
3426990000,0.0007329020475055348,1,2010-07-12
4640460000,0.015378879091830777,0,2010-07-13
4521050000,-0.0001551316306374062,1,2010-07-14
4552470000,0.0011961033180916125,0,2010-07-15
5297350000,-0.028819473359129044,1,2010-07-16
4089500000,0.005981890060832162,1,2010-07-19
4713280000,0.011416551196032687,0,2010-07-20
4747180000,-0.012819816608358736,1,2010-07-21
4826900000,0.022513373250030444,1,2010-07-22
4524570000,0.008220020548377116,1,2010-07-23
4009650000,0.011200166146517754,0,2010-07-26
4725690000,-0.0010493573466290318,0,2010-07-27
4002390000,-0.006921964711350426,0,2010-07-28
4612420000,-0.004158621107493432,1,2010-07-29
4006450000,6.349921218862242e-05,1,2010-07-30
4144180000,0.022022522061804883,0,2010-08-02
4071820000,-0.004796355216742376,1,2010-08-03
4057850000,0.006051112519185553,0,2010-08-04
3685560000,-0.001268524584838171,0,2010-08-05
3857890000,-0.003704038628435491,1,2010-08-06
3979360000,0.005483064382283187,0,2010-08-09
3979360000,-0.0059674054882985494,0,2010-08-10
4511860000,-0.028178764954173263,0,2010-08-11
4521050000,-0.0053787488495717906,0,2010-08-12
3328890000,-0.004023574358396065,1,2010-08-13
3142450000,0.00012045854325926086,1,2010-08-16
3968210000,0.012192216013040102,1,2010-08-17
3724260000,0.0014827787168125717,0,2010-08-18
4290540000,-0.016935392189468268,0,2010-08-19
3761570000,-0.0036630286052607985,0,2010-08-20
3210950000,-0.004040306703826824,0,2010-08-23
4436330000,-0.014512432962598854,1,2010-08-24
4360190000,0.0032893427453595248,0,2010-08-25
3646710000,-0.007684786454732473,1,2010-08-26
4102460000,0.01658676839931239,0,2010-08-27
2917990000,-0.01471920868888299,1,2010-08-30
4038770000,0.000390794428747121,1,2010-08-31
4396880000,0.029504621333996228,1,2010-09-01
3704210000,0.009080835857702363,1,2010-09-02
3534500000,0.013219002387319545,0,2010-09-03
3107380000,-0.011471189788493708,1,2010-09-07
3224640000,0.006438699367075529,1,2010-09-08
3387770000,0.0048322900955937165,1,2010-09-09
3061160000,0.004863332840635781,1,2010-09-10
4521050000,0.011130616053760978,0,2010-09-13
4521050000,-0.0007131195389205036,1,2010-09-14
3369840000,0.00354113887216001,0,2010-09-15
3364080000,-0.00036434366656679096,1,2010-09-16
4086140000,0.0008268557718451586,1,2010-09-17
3364080000,0.015209797205957498,0,2010-09-20
4175660000,-0.002564020390809607,0,2010-09-21
3911070000,-0.004825492514895946,0,2010-09-22
3847850000,-0.008331340584428193,1,2010-09-23
4123950000,0.021194392772258208,0,2010-09-24
3587860000,-0.005667432349210744,1,2010-09-27
4025840000,0.004850385958537151,0,2010-09-28
3990280000,-0.0025877588476783675,0,2010-09-29
4284160000,-0.003083722237648967,1,2010-09-30
4298910000,0.004416438203773465,0,2010-10-01
3604110000,-0.008034932488803492,1,2010-10-04
4068840000,0.02086134059079603,0,2010-10-05
4073160000,-0.0006720045633211713,0,2010-10-06
3910550000,-0.0016465185803191673,1,2010-10-07
3871420000,0.00612227817348443,1,2010-10-08
2505900000,0.00014583690635494584,1,2010-10-11
4076170000,0.003818756605307172,1,2010-10-12
4969410000,0.007121020299379444,0,2010-10-13
4969410000,-0.0036413861990395313,1,2010-10-14
5724910000,0.002027485447987365,1,2010-10-15
4450050000,0.007243744595420987,0,2010-10-18
5600120000,-0.015877250249970554,1,2010-10-19
5027880000,0.01052407519882892,1,2010-10-20
4625470000,0.0017739084702186325,1,2010-10-21
3177890000,0.0023892585241640507,1,2010-10-22
4221380000,0.002146971596890701,1,2010-10-25
4203680000,1.688528477283846e-05,0,2010-10-26
4335670000,-0.002690583513671685,1,2010-10-27
4283460000,0.0011248494058304637,0,2010-10-28
3537880000,-0.0004392872986367369,1,2010-10-29
4129180000,0.0009465333975153811,1,2010-11-01
3866200000,0.007759284493458862,1,2010-11-02
4665480000,0.003678053944041082,1,2010-11-03
5695470000,0.01928286287479275,1,2010-11-04
5637460000,0.00392275298702649,0,2010-11-05
3937230000,-0.0021209574072836856,0,2010-11-08
4848040000,-0.008052299681943542,1,2010-11-09
4561300000,0.004376080778473401,0,2010-11-10
3931120000,-0.004242126544221403,0,2010-11-11
4213620000,-0.011808492232419865,0,2010-11-12
3503370000,-0.0012174356326716262,0,2010-11-15
5116380000,-0.016205413633636034,1,2010-11-16
3904780000,0.00021216287934855416,1,2010-11-17
4687260000,0.015357313493959523,1,2010-11-18
3675390000,0.002540373205550228,0,2010-11-19
3689500000,-0.0015753666901773267,0,2010-11-22
4133070000,-0.014284032792181156,1,2010-11-23
3384250000,0.014922967493543604,0,2010-11-24
1613820000,-0.007468562068020934,0,2010-11-26
3673450000,-0.001378858764733426,0,2010-11-29
4284700000,-0.006070216944686235,1,2010-11-30
4548110000,0.02161695515261708,1,2010-12-01
4970800000,0.012818562518186694,1,2010-12-02
3735780000,0.0026032365675492386,0,2010-12-03
3527370000,-0.001298238661417761,1,2010-12-06
6970630000,0.0005150801927265025,1,2010-12-07
4607590000,0.003701760406026544,1,2010-12-08
4522510000,0.0038427480627742927,1,2010-12-09
4547310000,0.006001641860553519,1,2010-12-10
4361240000,4.832031784740565e-05,1,2010-12-13
4132350000,0.00091095635360805,0,2010-12-14
4407340000,-0.005122452280258649,1,2010-12-15
4736820000,0.006185094896691501,1,2010-12-16
4632470000,0.0008368043854836138,1,2010-12-17
3548140000,0.0025483530061645165,1,2010-12-20
3479670000,0.006030102155631267,1,2010-12-21
1285590000,0.0033795554893063517,0,2010-12-22
2515020000,-0.0016443283858672553,1,2010-12-23
1992470000,0.0006126972471360848,1,2010-12-27
2478450000,0.0007713239125555216,1,2010-12-28
2214380000,0.0010091453555356455,0,2010-12-29
1970720000,-0.0015082191889665975,0,2010-12-30
1799770000,-0.0001907894500615681,1,2010-12-31
4286670000,0.011314828013585299,0,2011-01-03
4796420000,-0.0013130618315739806,1,2011-01-04
4764920000,0.0050071702616640845,0,2011-01-05
4844100000,-0.002122957701494954,0,2011-01-06
4963110000,-0.001844782063018524,0,2011-01-07
4036450000,-0.001376327172630698,1,2011-01-10
4050750000,0.0037251273626697223,1,2011-01-11
4226940000,0.00900758006769764,0,2011-01-12
4310840000,-0.001710746243041017,1,2011-01-13
4661590000,0.007384542591010179,1,2011-01-14
5284990000,0.00137641065101346,0,2011-01-18
4743710000,-0.010115654884377157,0,2011-01-19
4935320000,-0.0012949592195925508,1,2011-01-20
4935320000,0.0024135455272700224,1,2011-01-21
3902470000,0.00583628034196626,1,2011-01-24
4595380000,0.0002634624737614111,1,2011-01-25
4730980000,0.00422090718967616,1,2011-01-26
4309190000,0.0022443057531671418,0,2011-01-27
5618630000,-0.017852526697772375,1,2011-01-28
4167160000,0.007662558220206783,1,2011-01-31
5164500000,0.01669359840810869,0,2011-02-01
4098260000,-0.00272251746839014,1,2011-02-02
4370990000,0.0023541990752451447,1,2011-02-03
3925950000,0.002884262567260709,1,2011-02-04
3902270000,0.006240171597036381,1,2011-02-07
3881530000,0.004184752099316791,0,2011-02-08
3922240000,-0.0027857656113878804,1,2011-02-09
4184610000,0.0007494929370688297,1,2011-02-10
4219300000,0.005507371620330659,1,2011-02-11
3567040000,0.002384924061824778,0,2011-02-14
3926860000,-0.003234911055292722,1,2011-02-15
1966450000,0.006257435156610036,1,2011-02-16
1966450000,0.003075691142146564,1,2011-02-17
1162310000,0.0019247226272978146,0,2011-02-18
1322780000,-0.02052856505826517,0,2011-02-22
1330340000,-0.006111960522950599,0,2011-02-23
1222900000,-0.000994377240208233,1,2011-02-24
3836030000,0.01055051646463201,1,2011-02-25
1252850000,0.005561085699577806,0,2011-02-28
1180420000,-0.015739677754675885,1,2011-03-01
1025000000,0.0016152009236127807,1,2011-03-02
4340470000,0.017219001487115193,0,2011-03-03
4223740000,-0.0073780374502926405,0,2011-03-04
3964730000,-0.008341232507744434,1,2011-03-07
4531420000,0.008922733898683255,0,2011-03-08
3709520000,-0.0013617034323515353,0,2011-03-09
4723020000,-0.018870951812180237,1,2011-03-10
3740400000,0.007080513662183874,0,2011-03-11
4050370000,-0.006049325659529536,0,2011-03-14
5201400000,-0.01120034817237281,0,2011-03-15
5833000000,-0.019494949042855536,1,2011-03-16
4134950000,0.013398228752857344,1,2011-03-17
4685500000,0.004310201897316901,1,2011-03-18
4223730000,0.014985846366661448,0,2011-03-21
3576550000,-0.003550567117658776,1,2011-03-22
3842350000,0.00291397966743423,1,2011-03-23
4223740000,0.009340748456551973,1,2011-03-24
4223740000,0.003161136890789118,0,2011-03-25
3215170000,-0.002747836267090409,1,2011-03-28
3482580000,0.007060045042073693,1,2011-03-29
3809570000,0.006684706201916635,0,2011-03-30
3566270000,-0.0018295015230987977,1,2011-03-31
4223740000,0.004962987972138233,1,2011-04-01
4223740000,0.0003452097520288966,0,2011-04-04
3852280000,-0.0001800552456384663,1,2011-04-05
4223740000,0.002183677516658822,0,2011-04-06
4005600000,-0.0015200063176690204,0,2011-04-07
3582810000,-0.00400444374710851,0,2011-04-08
3478970000,-0.0027933795260068894,0,2011-04-11
4275490000,-0.007776699229565143,1,2011-04-12
3850860000,0.00019023558280406583,1,2011-04-13
3872630000,8.367659155239515e-05,1,2011-04-14
4223740000,0.003925413156908419,0,2011-04-15
4223740000,-0.011017851653977395,1,2011-04-18
3886300000,0.00573117089721964,1,2011-04-19
4236280000,0.013514947433656221,1,2011-04-20
3587240000,0.0052767819301140495,0,2011-04-21
2142130000,-0.0015926699031209024,1,2011-04-25
3908060000,0.008979584523029382,1,2011-04-26
4051570000,0.006249847099511818,1,2011-04-27
4036820000,0.0035554240499382495,1,2011-04-28
3479070000,0.002300662213150728,0,2011-04-29
3846250000,-0.00175271131343413,0,2011-05-02
4223740000,-0.0033793036283190636,0,2011-05-03
4223740000,-0.006855308680100647,0,2011-05-04
3846250000,-0.009069835815006422,1,2011-05-05
4223740000,0.0038199203649145197,1,2011-05-06
4265250000,0.004544163641626575,1,2011-05-09
4223740000,0.008074036650198346,0,2011-05-10
3846250000,-0.011111495877577093,1,2011-05-11
3777210000,0.004895437361786659,0,2011-05-12
3426660000,-0.00806733006032423,0,2011-05-13
3846250000,-0.006204391417766519,0,2011-05-16
4053970000,-0.0003685605881837972,1,2011-05-17
3922030000,0.00880379946585852,1,2011-05-18
3626110000,0.0021779408643529674,0,2011-05-19
4066020000,-0.007688267521873571,0,2011-05-20
3255580000,-0.01192558460112425,0,2011-05-23
3846250000,-0.0008273801774386635,1,2011-05-24
4109670000,0.0031831687125787322,1,2011-05-25
3259470000,0.0039531157988739185,1,2011-05-26
3124560000,0.004080919686204165,1,2011-05-27
4696240000,0.010592724697279676,0,2011-05-31
4241090000,-0.02278464425831217,0,2011-06-01
3762170000,-0.0012248353901096465,0,2011-06-02
3505030000,-0.009733809463420173,0,2011-06-03
3555980000,-0.010760206333523925,0,2011-06-06
3846250000,-0.0009564073932939454,0,2011-06-07
3970810000,-0.004186874918536865,1,2011-06-08
3332510000,0.007377489898070522,0,2011-06-09
3846250000,-0.013979844477308045,1,2011-06-10
4132520000,0.0006687560771996282,1,2011-06-13
3500280000,0.012611779574887017,0,2011-06-14
4070500000,-0.01743184580508239,1,2011-06-15
3846250000,0.0017543350239683786,1,2011-06-16
4916460000,0.003045016966140013,1,2011-06-17
3464660000,0.005395190996116739,1,2011-06-20
4056150000,0.013423475684721353,0,2011-06-21
3718420000,-0.006468448774604507,0,2011-06-22
4983450000,-0.002827986549257977,0,2011-06-23
3665340000,-0.011725787945559007,1,2011-06-24
3479070000,0.009184457300265958,1,2011-06-27
3681500000,0.012944354874931063,1,2011-06-28
4347540000,0.008282747245164312,1,2011-06-29
4200500000,0.01011922818616795,1,2011-06-30
3796930000,0.014409702179091433,0,2011-07-01
3722320000,-0.0013361790618444669,1,2011-07-05
3564190000,0.0010015590452223666,1,2011-07-06
4069530000,0.010453846497412655,0,2011-07-07
3594360000,-0.006961116506509657,0,2011-07-08
3879130000,-0.01809053260189253,0,2011-07-11
4227890000,-0.004433512667192274,1,2011-07-12
4060080000,0.003105840267646931,0,2011-07-13
4358570000,-0.0067161276923011215,1,2011-07-14
4242760000,0.005554424471774233,0,2011-07-15
4118160000,-0.008129889770918997,1,2011-07-18
4304600000,0.01630870818887753,0,2011-07-19
3767420000,-0.0006708332980633891,1,2011-07-20
4837430000,0.013546192203295337,1,2011-07-21
3522830000,0.0009078513609139804,0,2011-07-22
3536890000,-0.0056430132712504966,0,2011-07-25
4007050000,-0.004104971538103408,0,2011-07-26
3479040000,-0.020308668519432915,0,2011-07-27
4951800000,-0.0032339665839667964,0,2011-07-28
5061190000,-0.006450532698506817,0,2011-07-29
4967390000,-0.004132299323336697,0,2011-08-01
5206290000,-0.025556664705103427,1,2011-08-02
6446940000,0.005015682586245518,0,2011-08-03
4266530000,-0.047820446201610634,0,2011-08-04
5454590000,-0.0005749176607442452,0,2011-08-05
2615150000,-0.06663446415643826,1,2011-08-08
2366660000,0.0474068481332115,0,2011-08-09
5018070000,-0.04415240397919251,1,2011-08-10
3685050000,0.04629002144148742,1,2011-08-11
5640380000,0.00526166928318772,1,2011-08-12
4272850000,0.021784622088531824,0,2011-08-15
5071600000,-0.00973854541245922,1,2011-08-16
4388340000,0.0009473866272851073,0,2011-08-17
3234810000,-0.0445937143129993,0,2011-08-18
5167560000,-0.015008981502439234,1,2011-08-19
5436260000,0.00025804116011829414,1,2011-08-22
5013170000,0.034284877594586316,1,2011-08-23
5315310000,0.013119972745138542,0,2011-08-24
5748420000,-0.01556552007023193,1,2011-08-25
5035320000,0.015121610152536658,1,2011-08-26
4228070000,0.028280001568408375,1,2011-08-29
4572570000,0.002347024984931334,1,2011-08-30
5267840000,0.004921982065451136,0,2011-08-31
4780410000,-0.01187143263889856,0,2011-09-01
4401740000,-0.025281938303220453,0,2011-09-02
5103980000,-0.007436289416773878,1,2011-09-06
4441040000,0.028646463529026667,0,2011-09-07
4465170000,-0.010612179635699603,0,2011-09-08
4586370000,-0.026705492278710663,1,2011-09-09
5168550000,0.006965716710316983,1,2011-09-12
4681370000,0.00912006281484623,1,2011-09-13
4986740000,0.013479804803234297,1,2011-09-14
4479730000,0.017187073659429952,1,2011-09-15
5248890000,0.0057066970727697175,0,2011-09-16
4254190000,-0.0098025870260805,0,2011-09-19
4315610000,-0.0016610054537223862,0,2011-09-20
4728550000,-0.02939044252863232,0,2011-09-21
6703140000,-0.031883121516435575,1,2011-09-22
5639930000,0.006082009597382809,1,2011-09-23
4762830000,0.023336145831710953,1,2011-09-26
5548130000,0.010688382331855317,0,2011-09-27
4787920000,-0.020691134941917988,1,2011-09-28
5285740000,0.008114229792425487,0,2011-09-29
4416790000,-0.024974129488995245,0,2011-09-30
5670340000,-0.0284510281118181,1,2011-10-03
3714670000,0.022488442948566112,1,2011-10-04
2510620000,0.017865633700204997,1,2011-10-05
5098330000,0.018303664125949304,0,2011-10-06
5580380000,-0.008163308930517088,1,2011-10-07
4446800000,0.034124984892549115,1,2011-10-10
4424500000,0.0005440035535435594,1,2011-10-11
5355360000,0.009794704112697561,0,2011-10-12
4436270000,-0.002973672247100878,1,2011-10-13
4116690000,0.01738025794738407,0,2011-10-14
4300700000,-0.019369883187983272,1,2011-10-17
4840170000,0.020418716445174567,0,2011-10-18
4846390000,-0.01264913736003248,1,2011-10-19
4870290000,0.0045541787147385104,1,2011-10-20
4980770000,0.01880876515031682,1,2011-10-21
4309380000,0.012872958939026846,0,2011-10-24
4473970000,-0.02004472508361621,1,2011-10-25
4873530000,0.010536553156824224,1,2011-10-26
6367610000,0.034291437858544604,1,2011-10-27
4536690000,0.0003892292585989665,0,2011-10-28
4310210000,-0.02473750308360323,0,2011-10-31
5645540000,-0.027942247001422227,1,2011-11-01
4110530000,0.016104667765514558,1,2011-11-02
4849140000,0.01878180753005876,0,2011-11-03
3830650000,-0.006280017279460592,1,2011-11-04
3429740000,0.006295743615618132,1,2011-11-07
3908490000,0.011735638864999398,0,2011-11-08
4659740000,-0.036695142913972245,1,2011-11-09
4002760000,0.008624176874533207,1,2011-11-10
3370180000,0.019480539941325148,0,2011-11-11
3219680000,-0.009550141648312915,1,2011-11-14
3599300000,0.004817163683512371,0,2011-11-15
4085010000,-0.016616200730203312,0,2011-11-16
4596450000,-0.016799952076269054,0,2011-11-17
3827610000,-0.00039467858438069214,0,2011-11-18
4050070000,-0.018648495446902502,0,2011-11-21
3911710000,-0.004140841830647446,0,2011-11-22
3798940000,-0.02209521492281885,0,2011-11-23
1664200000,-0.002685506857766806,1,2011-11-25
3920750000,0.029240425313361795,1,2011-11-28
3992650000,0.002213653490450218,1,2011-11-29
5801910000,0.0433153072475978,0,2011-11-30
3818680000,-0.0019086457924624156,0,2011-12-01
4144310000,-0.00024098633145541726,1,2011-12-02
4148060000,0.010287014543699957,1,2011-12-05
3734230000,0.0011057487964409862,1,2011-12-06
4160540000,0.002018354924337773,0,2011-12-07
4298370000,-0.02114181011508598,1,2011-12-08
3830610000,0.01688335256005491,0,2011-12-09
3600570000,-0.014914054108935981,0,2011-12-12
4121570000,-0.00868600976072853,0,2011-12-13
4298290000,-0.01134836742295231,1,2011-12-14
3810340000,0.0032431003656709922,1,2011-12-15
5345800000,0.0032161498496299235,0,2011-12-16
3659820000,-0.011732825699560245,1,2011-12-19
4055590000,0.029825423296426123,1,2011-12-20
2959020000,0.0019495059855065833,1,2011-12-21
3492250000,0.008265549753183832,1,2011-12-22
2233830000,0.009035052675189448,1,2011-12-23
2130590000,7.9107947907886e-05,0,2011-12-27
2349980000,-0.0124780022540123,1,2011-12-28
2278130000,0.01070708742195392,0,2011-12-29
2271850000,-0.0042913365279230176,1,2011-12-30
3943710000,0.015473984880403524,1,2012-01-03
3592580000,0.00018792399994027598,1,2012-01-04
4315950000,0.002943716919978634,0,2012-01-05
3656830000,-0.002536961462655807,1,2012-01-06
3371600000,0.0022615979258335805,1,2012-01-09
4221960000,0.00888576974833133,1,2012-01-10
3968120000,0.0003095972599744812,1,2012-01-11
4019890000,0.002336608362904613,0,2012-01-12
3692370000,-0.004947922948427275,1,2012-01-13
4010490000,0.003552954600872571,1,2012-01-17
4096160000,0.011107929092462498,1,2012-01-18
4465890000,0.004938656879440728,1,2012-01-19
3912620000,0.0006694597815233294,1,2012-01-20
3770910000,0.00047134296924533636,0,2012-01-23
3693560000,-0.00102581731454221,1,2012-01-24
4410910000,0.008679141952454561,0,2012-01-25
4522070000,-0.005753890884025226,0,2012-01-26
4007380000,-0.0015928775670267514,0,2012-01-27
3659010000,-0.0025221231757218687,0,2012-01-30
4235550000,-0.0004569466961219515,1,2012-01-31
4504360000,0.008899605562620927,1,2012-02-01
4120920000,0.0010951470667548424,1,2012-02-02
4608550000,0.014605356896842503,0,2012-02-03
3379700000,-0.0004238741534883239,1,2012-02-06
3742460000,0.00202338180532724,1,2012-02-07
4096730000,0.0021602108339675574,1,2012-02-08
4209890000,0.0014741105602813498,0,2012-02-09
3877580000,-0.006886302644093845,1,2012-02-10
3618040000,0.006800039312997219,0,2012-02-13
3889520000,-0.0009395233752043097,0,2012-02-14
4080340000,-0.0053832058728249255,1,2012-02-15
4108880000,0.01102570580548079,1,2012-02-16
3717640000,0.0023489303072772305,1,2012-02-17
3795200000,0.000719922777789872,0,2012-02-21
3633710000,-0.0033401068031253534,1,2012-02-22
3786450000,0.004272002277298181,1,2012-02-23
3505360000,0.0016722378083675604,1,2012-02-24
3648890000,0.0013545591394890089,1,2012-02-27
3579120000,0.0033563334079245166,0,2012-02-28
4482370000,-0.0047369876733168725,1,2012-02-29
3919240000,0.006158039788692005,0,2012-03-01
3283490000,-0.003245756135652589,0,2012-03-02
3429480000,-0.003869693865664492,0,2012-03-05
4191060000,-0.015370160722531612,1,2012-03-06
3580380000,0.0069006220464606915,1,2012-03-07
3543060000,0.009817931917032618,1,2012-03-08
3639470000,0.0036312500921620305,1,2012-03-09
3081870000,0.00016046065922270536,1,2012-03-12
4386470000,0.018131549330308916,0,2012-03-13
4502280000,-0.0011962619960680376,1,2012-03-14
4271650000,0.005967198922915307,1,2012-03-15
5163950000,0.0011193985360786751,1,2012-03-16
3932570000,0.00397384638616094,0,2012-03-19
3695280000,-0.003000518154814724,0,2012-03-20
3573590000,-0.0018711970276237277,0,2012-03-21
3740590000,-0.0072065416718331,1,2012-03-22
3472950000,0.003108858515779689,1,2012-03-23
3576950000,0.013885824750712539,0,2012-03-26
3513640000,-0.0028167751776319028,0,2012-03-27
3892800000,-0.00494150905632218,0,2012-03-28
3832000000,-0.001607929836799582,1,2012-03-29
3676890000,0.0036984360198231148,1,2012-03-30
3572010000,0.007504645877610239,0,2012-04-02
3822090000,-0.003988635996082901,0,2012-04-03
3938290000,-0.010202524371008104,0,2012-04-04
3303740000,-0.0006290422223540482,0,2012-04-05
3468980000,-0.011358438273891824,0,2012-04-09
4631730000,-0.017081454337735447,1,2012-04-10
3743040000,0.007448895819775148,1,2012-04-11
3618280000,0.013779387810288313,0,2012-04-12
3631160000,-0.012475001040294531,0,2012-04-13
3574780000,-0.000503600390907244,1,2012-04-16
3456200000,0.015486673802446171,0,2012-04-17
3463140000,-0.004055288780130728,0,2012-04-18
4180020000,-0.005934396967956612,1,2012-04-19
3833320000,0.0011692656800530443,0,2012-04-20
3654860000,-0.008407570124922548,1,2012-04-23
3617100000,0.003679773444691614,1,2012-04-24
3998430000,0.013644592157896263,1,2012-04-25
4034700000,0.006680165568110796,1,2012-04-26
3645830000,0.002414323726029899,0,2012-04-27
3574010000,-0.0038835019016946193,1,2012-04-30
3807950000,0.005658384242170911,0,2012-05-01
3803860000,-0.002496683664631072,0,2012-05-02
4004910000,-0.0076588713308223255,0,2012-05-03
3975140000,-0.016147208958519288,1,2012-05-04
3559390000,0.00035058102206497743,0,2012-05-07
4261670000,-0.004278673417828949,0,2012-05-08
4288540000,-0.006702266480503982,1,2012-05-09
3727990000,0.002517410777005402,0,2012-05-10
3869070000,-0.0033873413051768164,0,2012-05-11
3688120000,-0.01111286391927968,0,2012-05-14
4114040000,-0.005745837446504476,0,2012-05-15
4280420000,-0.004403818556987793,0,2012-05-16
4664280000,-0.015051375861739213,0,2012-05-17
4512470000,-0.007387777046316768,1,2012-05-18
3786750000,0.016035901237667627,1,2012-05-21
4123680000,0.0004863370186602989,1,2012-05-22
4108330000,0.0016937032123527374,1,2012-05-23
3937670000,0.001380031526917458,0,2012-05-24
2872660000,-0.002165632329979128,1,2012-05-25
3441640000,0.011078977592776207,0,2012-05-29
3534290000,-0.014334892170861036,0,2012-05-30
4557620000,-0.0022766655169013106,0,2012-05-31
4669350000,-0.024642584749729912,1,2012-06-01
4011960000,0.00010955419561042845,1,2012-06-04
3403230000,0.005726850663809513,1,2012-06-05
4268360000,0.023049400920118535,0,2012-06-06
4258140000,-0.00010646449242102118,1,2012-06-07
3497190000,0.008114163624478143,0,2012-06-08
3537530000,-0.012620113782869202,1,2012-06-11
3442920000,0.011650737147309576,0,2012-06-12
3506510000,-0.007023250955987548,1,2012-06-13
3687720000,0.010814652782245693,1,2012-06-14
4401570000,0.010337815429059649,1,2012-06-15
3259430000,0.0014447466011910937,1,2012-06-18
3815350000,0.009815695418065262,0,2012-06-19
3695700000,-0.0016863570122068738,0,2012-06-20
4094470000,-0.022261677039013494,1,2012-06-21
5271490000,0.007174604262178752,0,2012-06-22
3501820000,-0.015954853497705423,1,2012-06-25
3412940000,0.004772721486371312,1,2012-06-26
3286910000,0.008984905521485453,0,2012-06-27
3969370000,-0.002109799583246086,1,2012-06-28
4590480000,0.02492023877666627,1,2012-06-29
3301650000,0.0024593113157624913,1,2012-07-02
2116390000,0.0062321108631679945,0,2012-07-03
3041520000,-0.0046870230309741245,0,2012-07-05
2745140000,-0.00943264946713962,0,2012-07-06
2904860000,-0.0016388318166757898,0,2012-07-09
3470600000,-0.008125926498228409,0,2012-07-10
3426290000,-1.4923577632885987e-05,0,2012-07-11
3654440000,-0.004987097282612596,1,2012-07-12
3212930000,0.01649736234989274,0,2012-07-13
2862720000,-0.002314313728559836,1,2012-07-16
3566680000,0.007409672577889825,1,2012-07-17
3642630000,0.006680490923747229,1,2012-07-18
4043360000,0.002717099891568653,0,2012-07-19
3925020000,-0.010061659913606968,0,2012-07-20
3717180000,-0.00890905606969361,0,2012-07-23
3891290000,-0.009040932945028057,0,2012-07-24
3719170000,-0.000313861457302278,1,2012-07-25
4429300000,0.016540974699349675,1,2012-07-26
4399010000,0.01908056557933535,0,2012-07-27
3212060000,-0.0004833595887074882,0,2012-07-30
3821570000,-0.0043168283608459035,0,2012-07-31
4440920000,-0.0028999798130677767,0,2012-08-01
4193740000,-0.0075036694675360005,1,2012-08-02
3751170000,0.01904028588598905,1,2012-08-03
3122050000,0.0023292692665812798,1,2012-08-06
3682490000,0.005106758007594747,1,2012-08-07
3221790000,0.0006208264404641284,1,2012-08-08
3119610000,0.0004136855394443195,1,2012-08-09
2767980000,0.002188441817939202,0,2012-08-10
2499990000,-0.0012519007957618733,0,2012-08-13
2930900000,-0.00012814640056846294,1,2012-08-14
2655750000,0.0011396405267545262,1,2012-08-15
3114100000,0.007100510313353237,1,2012-08-16
2922990000,0.0018721339981915275,0,2012-08-17
2766320000,-2.1174829462955458e-05,0,2012-08-20
3282950000,-0.003497536135912971,1,2012-08-21
3062690000,0.0002264032488046297,0,2012-08-22
3008240000,-0.008072242646582573,1,2012-08-23
2598790000,0.006454730908207917,0,2012-08-24
2472500000,-0.0004890148137838279,0,2012-08-27
2629090000,-0.0008081822874276279,1,2012-08-28
2571220000,0.0008443492265819419,0,2012-08-29
2530280000,-0.00780580496271055,1,2012-08-30
2938250000,0.0050732955705157234,0,2012-08-31
3200310000,-0.0011659590635981765,0,2012-09-04
3389110000,-0.0010676612969652277,1,2012-09-05
3952870000,0.020435540463669577,1,2012-09-06
3717620000,0.0040499740579702515,0,2012-09-07
3223670000,-0.006147829935223559,1,2012-09-10
3509630000,0.0031349558295050706,1,2012-09-11
3641200000,0.002092692232889659,1,2012-09-12
4606550000,0.01630974737217783,1,2012-09-13
5041990000,0.003958951318527193,0,2012-09-14
3482430000,-0.003124690820504483,0,2012-09-17
3377390000,-0.0012797755200721905,1,2012-09-18
3451360000,0.001185553958514829,0,2012-09-19
3382520000,-0.0005407337436069692,0,2012-09-20
4833870000,-7.531901909729743e-05,0,2012-09-21
3008920000,-0.002232653981520283,0,2012-09-24
3739900000,-0.0105018557847808,0,2012-09-25
3565380000,-0.0057367349435899495,1,2012-09-26
3150330000,0.009648981834660786,0,2012-09-27
3509230000,-0.004477753072888002,1,2012-09-28
3505080000,0.002651506710448004,1,2012-10-01
3321790000,0.0008722869484341089,1,2012-10-02
3531640000,0.0036244096381636837,1,2012-10-03
3615860000,0.007174435557619541,0,2012-10-04
3172940000,-0.00032158936312698394,0,2012-10-05
2328720000,-0.0034567355331607263,0,2012-10-08
3216320000,-0.00989094181235195,0,2012-10-09
3225060000,-0.006188030354815854,1,2012-10-10
3672540000,0.00019538952303133073,0,2012-10-11
3134750000,-0.0029661372528556607,1,2012-10-12
3483810000,0.008077922524027725,1,2012-10-15
3568770000,0.010269933278491461,1,2012-10-16
3655320000,0.004117058019306619,0,2012-10-17
3880030000,-0.0024437290975140025,0,2012-10-18
3875170000,-0.016571304555192734,1,2012-10-19
3216220000,0.00043958226653084687,0,2012-10-22
3587670000,-0.01444390628760639,0,2012-10-23
3385970000,-0.0030853828766044256,1,2012-10-24
3512640000,0.002995542646406335,0,2012-10-25
3284910000,-0.0007289817322603254,1,2012-10-26
3577110000,0.00015587969925845435,1,2012-10-31
3929890000,0.010926475234507071,0,2012-11-01
3732480000,-0.009379454163327194,1,2012-11-02
2921040000,0.002163809008205897,1,2012-11-05
3306970000,0.007853184882181896,0,2012-11-06
4356490000,-0.023705000038029778,0,2012-11-07
3779520000,-0.01220484261628385,1,2012-11-08
3647350000,0.001698692425988746,1,2012-11-09
2567540000,0.00013048788935265954,0,2012-11-12
3455550000,-0.0039854205221913075,0,2012-11-13
4109510000,-0.013852035718884714,0,2012-11-14
3928870000,-0.0015935449138314572,1,2012-11-15
4045910000,0.00483994963594836,1,2012-11-16
3374800000,0.019862053761098286,1,2012-11-19
3207160000,0.0006633863793055195,1,2012-11-20
2667090000,0.002320181125065268,1,2012-11-21
1504960000,0.013026314842639719,0,2012-11-23
2948960000,-0.0020295818770267315,0,2012-11-26
3323120000,-0.0052265872985560735,1,2012-11-27
3359250000,0.007856028682432292,1,2012-11-28
3356850000,0.004269642628790704,1,2012-11-29
3966000000,0.00016250753698754394,0,2012-11-30
3074280000,-0.004745224843287543,0,2012-12-03
3247710000,-0.0017098123935156417,1,2012-12-04
4253920000,0.0015848622233496368,1,2012-12-05
3229700000,0.0033065906083264984,1,2012-12-06
3125160000,0.0029209195962771606,1,2012-12-07
2999430000,0.0003385605486661003,1,2012-12-10
3650230000,0.0065488820784729285,1,2012-12-11
3709050000,0.0004482397633895907,0,2012-12-12
3349960000,-0.0063214251654488685,0,2012-12-13
3210170000,-0.004135401260425775,1,2012-12-14
3455610000,0.011870590853387819,1,2012-12-17
4302240000,0.011486656421599406,0,2012-12-18
3869800000,-0.007589201039747917,1,2012-12-19
3686580000,0.00548810949285139,0,2012-12-20
5229160000,-0.009378687628036508,0,2012-12-21
1248960000,-0.002440296594621194,0,2012-12-24
2285030000,-0.00478746019469678,0,2012-12-26
2830180000,-0.001218442012279497,0,2012-12-27
2426680000,-0.011049941573072375,1,2012-12-28
3204330000,0.016941941334216226,1,2012-12-31
4202600000,0.025403420320955883,0,2013-01-02
3829730000,-0.0020856174946130013,1,2013-01-03
3424290000,0.004865096315322948,0,2013-01-04
3304970000,-0.0031231161538831653,0,2013-01-07
3601600000,-0.003242371304872038,1,2013-01-08
3674390000,0.002655865938542279,1,2013-01-09
4081840000,0.007597415119266371,0,2013-01-10
3340650000,-4.7513986152325494e-05,0,2013-01-11
3003010000,-0.0009306715612543703,1,2013-01-14
3135350000,0.0011286697641588184,1,2013-01-15
3384080000,0.00019699191031485874,1,2013-01-16
3706710000,0.005642922184040833,1,2013-01-17
3795740000,0.0034032703971196288,1,2013-01-18
3570950000,0.004428106846314561,1,2013-01-22
3552010000,0.001507477027169024,1,2013-01-23
3699430000,6.614683421224399e-06,1,2013-01-24
3476290000,0.005445481690718124,0,2013-01-25
3388540000,-0.0018496216125600817,1,2013-01-28
3949640000,0.005105995170664235,0,2013-01-29
3726810000,-0.0038996213232838084,0,2013-01-30
3999880000,-0.0025633010773032927,1,2013-01-31
3836320000,0.010052705569688847,0,2013-02-01
3390000000,-0.011538744820964397,1,2013-02-04
3618360000,0.010416510240551347,1,2013-02-05
3611570000,0.0005491705981217621,0,2013-02-06
3614580000,-0.0018053993582290984,1,2013-02-07
2986150000,0.005657940611518475,0,2013-02-08
2684100000,-0.000606117484177382,1,2013-02-11
3414370000,0.001595272232703504,1,2013-02-12
3385880000,0.000592263093356804,1,2013-02-13
3759740000,0.0006906716689645265,0,2013-02-14
3838510000,-0.0010450813177572682,1,2013-02-15
3748910000,0.007336475471722448,0,2013-02-19
4240570000,-0.012404137955230099,0,2013-02-20
4274600000,-0.006303057332801343,1,2013-02-21
3419320000,0.008772467921830174,0,2013-02-22
4011050000,-0.018309580659152336,1,2013-02-25
3975280000,0.006109463971145868,1,2013-02-26
3551850000,0.012725994077109837,0,2013-02-27
3912320000,-0.0008640799292052304,1,2013-02-28
3695610000,0.002323855425648391,1,2013-03-01
3414430000,0.00461072337316093,1,2013-03-04
3610690000,0.00956601649469957,1,2013-03-05
3676890000,0.001084512714484509,1,2013-03-06
3634710000,0.0018164914425815581,1,2013-03-07
3652260000,0.004481139122655131,1,2013-03-08
3091080000,0.0032490857396794137,0,2013-03-11
3274910000,-0.0024032529493148713,1,2013-03-12
3073830000,0.00131405176760091,1,2013-03-13
3459260000,0.005602990523162488,0,2013-03-14
5175850000,-0.0016184626244926115,0,2013-03-15
3164560000,-0.005510332450180511,0,2013-03-18
3796210000,-0.0024225306518709244,1,2013-03-19
3349090000,0.006697492376419811,0,2013-03-20
3243270000,-0.008282433828555424,1,2013-03-21
2948380000,0.007174256352702191,0,2013-03-22
3178170000,-0.0033400389194234714,1,2013-03-25
2869260000,0.0077851108025177584,0,2013-03-26
2914210000,-0.0005883499068413123,1,2013-03-27
3304440000,0.00405666949441863,0,2013-03-28
2753110000,-0.0044735804606589324,1,2013-04-01
3312160000,0.005172264111710456,0,2013-04-02
4060610000,-0.010546128701639845,1,2013-04-03
3350670000,0.004048451943253761,0,2013-04-04
3515410000,-0.00429489561132812,1,2013-04-05
2887120000,0.006302737952936344,1,2013-04-08
3252780000,0.0035443321494683655,1,2013-04-09
3453350000,0.01218913260513399,1,2013-04-10
3393950000,0.0035522505198095633,0,2013-04-11
3206290000,-0.002836767069231527,0,2013-04-12
4660130000,-0.022966290584432447,1,2013-04-15
3654700000,0.014307223290395576,0,2013-04-16
4250310000,-0.014327681394279534,0,2013-04-17
3890800000,-0.006701003439812281,1,2013-04-18
3569870000,0.008847902373522176,1,2013-04-19
2979880000,0.004661629963028435,1,2013-04-22
3565150000,0.01041921875000007,1,2013-04-23
3598240000,6.340190171760796e-06,1,2013-04-24
3908580000,0.0040347322693841114,0,2013-04-25
3198620000,-0.0018421130247733286,1,2013-04-26
2891200000,0.007186011722218666,1,2013-04-29
3745070000,0.002484899676771457,0,2013-04-30
3530320000,-0.009307883608932754,1,2013-05-01
3366950000,0.009407983261396247,1,2013-05-02
3603910000,0.010534666895180678,1,2013-05-03
3062240000,0.0019077786269059427,1,2013-05-06
3309580000,0.005230269513137653,1,2013-05-07
3554700000,0.004139081299929126,0,2013-05-08
3457400000,-0.0036871039064235722,1,2013-05-09
3086470000,0.004321655306021466,1,2013-05-10
2910600000,4.2889368592202715e-05,1,2013-05-13
3457790000,0.010142153479971716,1,2013-05-14
3657440000,0.0051141362697153525,0,2013-05-15
3513130000,-0.005009741163373271,1,2013-05-16
3440710000,0.010300096519028301,0,2013-05-17
3275080000,-0.000707617924973758,1,2013-05-20
3513560000,0.001722386289245481,0,2013-05-21
4361020000,-0.008273657594813577,0,2013-05-22
3945510000,-0.002923832356719225,0,2013-05-23
2758080000,-0.0005513654411685165,1,2013-05-24
3457400000,0.006340981548631053,0,2013-05-28
3587140000,-0.007047981897774669,1,2013-05-29
3498620000,0.00367034439193481,0,2013-05-30
4099600000,-0.014307241527974024,1,2013-05-31
3952070000,0.005935988427895333,0,2013-06-03
3653840000,-0.005510807488524838,0,2013-06-04
3632350000,-0.013779732742503992,1,2013-06-05
3547380000,0.008490293972530871,1,2013-06-06
3371990000,0.012831541229424204,0,2013-06-07
2978730000,-0.00034681344994402785,0,2013-06-10
3435710000,-0.010153367167240024,0,2013-06-11
3202550000,-0.008369555515669425,1,2013-06-12
3378620000,0.014784291377196501,0,2013-06-13
2939400000,-0.005885016114436148,1,2013-06-14
3137080000,0.007567364431436019,1,2013-06-17
3120980000,0.007791157767295331,0,2013-06-18
3545060000,-0.013851474486292426,0,2013-06-19
4858850000,-0.02501035094286319,1,2013-06-20
5797280000,0.002669776576555538,0,2013-06-21
4733660000,-0.012145015629135836,1,2013-06-24
3761170000,0.009497272121224087,1,2013-06-25
3558340000,0.009590486444071455,1,2013-06-26
3364540000,0.0061998311850259835,0,2013-06-27
4977190000,-0.004289562412875814,1,2013-06-28
3104690000,0.005403747467634501,0,2013-07-01
3317130000,-0.0005449081736377259,1,2013-07-02
1966050000,0.0008240472350893313,1,2013-07-03
2634140000,0.010201732142340214,1,2013-07-05
3514590000,0.0052515464964768555,1,2013-07-08
3155360000,0.007229670722828763,1,2013-07-09
3011010000,0.00018159245054127915,1,2013-07-10
3446340000,0.013554249906357896,1,2013-07-11
3039070000,0.003086483632862347,1,2013-07-12
2623200000,0.001374879432867404,0,2013-07-15
3081710000,-0.003708760911961373,1,2013-07-16
3153440000,0.0027740472164057284,1,2013-07-17
3452370000,0.0050329647425946256,1,2013-07-18
3302580000,0.0016100503211176065,1,2013-07-19
2779130000,0.0020330263437824403,0,2013-07-22
3096180000,-0.0018519369130487462,0,2013-07-23
3336120000,-0.0038112215188927934,1,2013-07-24
3322500000,0.0025564722015867236,1,2013-07-25
2762770000,0.0008282942843145236,0,2013-07-26
2840520000,-0.003736037754951127,1,2013-07-29
3320530000,0.00037381693747806644,0,2013-07-30
3847390000,-0.00013640921141577778,1,2013-07-31
3775170000,0.01254056989753427,1,2013-08-01
3136630000,0.0016404581697111453,0,2013-08-02
2529300000,-0.0014798348405500317,0,2013-08-05
3141210000,-0.005723033522392118,0,2013-08-06
3010230000,-0.0038058649299111957,1,2013-08-07
3271660000,0.003885449938943575,0,2013-08-08
2957670000,-0.003569960525698801,0,2013-08-09
2789160000,-0.0011529207361400395,1,2013-08-12
3035560000,0.002776056134700333,0,2013-08-13
2871430000,-0.005176618120080079,0,2013-08-14
3426690000,-0.014281601380197961,0,2013-08-15
3211450000,-0.0033045953891290836,0,2013-08-16
2904530000,-0.005900302398330837,1,2013-08-19
2994090000,0.0038211953199089876,0,2013-08-20
2932180000,-0.005779602928505545,1,2013-08-21
2537460000,0.008619376484360286,1,2013-08-22
2582670000,0.003947010921615535,0,2013-08-23
2430670000,-0.00403965777164117,0,2013-08-26
3219190000,-0.015874194741040237,1,2013-08-27
2784010000,0.002747645185721348,1,2013-08-28
2527550000,0.0019634016027962886,0,2013-08-29
2734300000,-0.0031743183568806455,1,2013-08-30
3731610000,0.004164221602432239,1,2013-09-03
3312150000,0.008116953209842404,1,2013-09-04
2957110000,0.0012098628337211537,1,2013-09-05
3123880000,5.443114110303959e-05,1,2013-09-06
3102780000,0.009992880823750605,1,2013-09-09
3691800000,0.007345789391592916,1,2013-09-10
3135460000,0.0030522833735622257,0,2013-09-11
3106290000,-0.0033804153149811222,1,2013-09-12
2736500000,0.002714679741101511,1,2013-09-13
3079800000,0.0056931530442476674,1,2013-09-16
2774240000,0.004217739327674108,1,2013-09-17
3989760000,0.012177672896303449,0,2013-09-18
3740130000,-0.0018429538196846895,0,2013-09-19
5074030000,-0.007216886263627376,0,2013-09-20
3126950000,-0.004719586526811925,0,2013-09-23
3268930000,-0.0025971430708935372,0,2013-09-24
3148730000,-0.00273946595048713,1,2013-09-25
2813930000,0.0034854258676535466,0,2013-09-26
2951700000,-0.004073801130465626,0,2013-09-27
3308630000,-0.0060292307798877065,1,2013-09-30
3238690000,0.007998543475556064,0,2013-10-01
3148600000,-0.0006666695473820372,0,2013-10-02
3279650000,-0.008979414583967338,1,2013-10-03
2880270000,0.0070532243451535415,0,2013-10-04
2678490000,-0.008506361953748875,0,2013-10-07
3569230000,-0.012332078852067663,1,2013-10-08
3577840000,0.0005739063518743759,1,2013-10-09
3362300000,0.02183049604365883,1,2013-10-10
2944670000,0.006286271807078414,1,2013-10-11
2580580000,0.004074720335558668,0,2013-10-14
3327740000,-0.007063723409320266,1,2013-10-15
3486180000,0.013827532394934838,1,2013-10-16
3453590000,0.0067439531397044394,1,2013-10-17
3664890000,0.006548755402622897,1,2013-10-18
3052710000,9.173641713244862e-05,1,2013-10-21
3850840000,0.005737513079636436,0,2013-10-22
3713380000,-0.004724557241463034,1,2013-10-23
3671700000,0.003258134764679621,1,2013-10-24
3175720000,0.004394843515520774,1,2013-10-25
3282300000,0.001329699787098182,1,2013-10-28
3358460000,0.00558419502875096,0,2013-10-29
3523040000,-0.004875923596155185,0,2013-10-30
3826530000,-0.0038393812241105385,1,2013-10-31
3686290000,0.002903421198789946,1,2013-11-01
3194870000,0.003570558689741876,0,2013-11-04
3516680000,-0.0028055878101066467,1,2013-11-05
3322100000,0.004265540341705787,0,2013-11-06
4143200000,-0.013182771972194418,1,2013-11-07
3837170000,0.013427559516743681,1,2013-11-08
2534060000,0.000722931253898329,0,2013-11-11
3221030000,-0.0023703916199453445,1,2013-11-12
3327480000,0.008095344244797742,1,2013-11-13
3139060000,0.00483725876385388,1,2013-11-14
3254820000,0.004222034052096646,0,2013-11-15
3168520000,-0.00369819718572606,0,2013-11-18
3224450000,-0.0020429655768170463,0,2013-11-19
3109140000,-0.0036356111002209257,1,2013-11-20
3256630000,0.00812856425584818,1,2013-11-21
3055140000,0.004961457973002625,0,2013-11-22
2998540000,-0.0012633420978621634,1,2013-11-25
3427120000,0.00014980445507073448,1,2013-11-26
2613590000,0.0024850813860768373,0,2013-11-27
1598300000,-0.0007856896412440362,0,2013-11-29
3095430000,-0.002719020284730922,0,2013-12-02
3475680000,-0.0031928479771501372,0,2013-12-03
3610540000,-0.0013034931835718133,0,2013-12-04
3336880000,-0.004339572538419101,1,2013-12-05
3150030000,0.011237870620775636,1,2013-12-06
3129500000,0.0018171001772671058,0,2013-12-09
3117150000,-0.003179659038540561,0,2013-12-10
3472240000,-0.01131687458772268,0,2013-12-11
3306640000,-0.0037705618911193506,0,2013-12-12
3061070000,-0.00010141014414954963,1,2013-12-13
3209890000,0.006320039831068547,0,2013-12-16
3270030000,-0.003100987910356179,1,2013-12-17
4327770000,0.01664796429762072,0,2013-12-18
3497210000,-0.0005799292044108562,1,2013-12-19
5097700000,0.0048187283492318045,1,2013-12-20
2851540000,0.00531812014989308,1,2013-12-23
1307630000,0.0029157468493599126,1,2013-12-24
1982270000,0.004745529147706984,0,2013-12-26
2052920000,-0.00033658435338035364,0,2013-12-27
2293860000,-0.00017925389411521664,1,2013-12-30
2312840000,0.003959675229718407,0,2013-12-31
3080600000,-0.008861912729460575,0,2014-01-02
2774270000,-0.00033296507498215,0,2014-01-03
3294850000,-0.0025117674736410134,1,2014-01-06
3511750000,0.006081764662643874,0,2014-01-07
3652140000,-0.0002122089839386998,1,2014-01-08
3581150000,0.0003483091890779111,1,2014-01-09
3335710000,0.002306686808393188,0,2014-01-10
3591350000,-0.012576216507389826,1,2014-01-13
3353270000,0.010817971767347556,1,2014-01-14
3777800000,0.005166188100786506,0,2014-01-15
3491310000,-0.0013471203041567348,0,2014-01-16
3626120000,-0.0038951743709020326,1,2014-01-17
3782470000,0.0027737519941737343,1,2014-01-21
3374170000,0.0005748652214816463,0,2014-01-22
3972250000,-0.00888957673985069,0,2014-01-23
4618450000,-0.02087544856898549,0,2014-01-24
4045200000,-0.004876293940238585,1,2014-01-27
3437830000,0.00614065260021901,0,2014-01-28
3964020000,-0.010209232261157553,1,2014-01-29
3547510000,0.011267044743841437,0,2014-01-30
4059690000,-0.0064652996420466735,0,2014-01-31
4726040000,-0.02283191982018462,1,2014-02-03
4068410000,0.007641088938743268,0,2014-02-04
3984290000,-0.0020282227794392593,1,2014-02-05
3825410000,0.012439792925644788,1,2014-02-06
3775990000,0.013301886798946505,1,2014-02-07
3312160000,0.0015692347655638095,1,2014-02-10
3699380000,0.011062113608869106,0,2014-02-11
3326380000,-0.00026926239009483766,1,2014-02-12
3289510000,0.005810025082904069,1,2014-02-13
3114750000,0.004809216724759979,1,2014-02-14
3421110000,0.0011584739056558213,0,2014-02-18
3661570000,-0.006524484290135191,1,2014-02-19
3404980000,0.006031458262132583,0,2014-02-20
3403880000,-0.0019187235651341172,1,2014-02-21
4014530000,0.00618651346579302,0,2014-02-24
3515560000,-0.0013476817370097205,1,2014-02-25
3716730000,2.1699977565736717e-05,1,2014-02-26
3547460000,0.004948082937896281,1,2014-02-27
3917450000,0.0027826887923012578,0,2014-02-28
3428220000,-0.007378510346287226,1,2014-03-03
3765770000,0.01526770113133269,0,2014-03-04
3392990000,-5.335132643191631e-05,1,2014-03-05
3360450000,0.0017184082710823834,1,2014-03-06
3564740000,0.0005380892952486782,0,2014-03-07
3021350000,-0.0004632463094992323,0,2014-03-10
3392400000,-0.005082138985368356,1,2014-03-11
3270860000,0.00030517087837123036,0,2014-03-12
3670990000,-0.011701095130556172,0,2014-03-13
3285460000,-0.0028217776974703845,1,2014-03-14
2860490000,0.009613634629240364,1,2014-03-17
2930190000,0.0072196189337276895,0,2014-03-18
3289210000,-0.006131649335692324,1,2014-03-19
3327540000,0.006040504799839086,0,2014-03-20
5270710000,-0.0029326714097337447,0,2014-03-21
3409000000,-0.004864709743258144,1,2014-03-24
3200560000,0.004403939814465518,0,2014-03-25
3480850000,-0.007000319763734719,0,2014-03-26
3733430000,-0.0019000838946738874,1,2014-03-27
2955520000,0.0046402218845611465,1,2014-03-28
3274300000,0.007924102207026662,1,2014-03-31
3336190000,0.0070393485966973035,1,2014-04-01
3131660000,0.002853326841976367,0,2014-04-02
3055600000,-0.0011264502910314222,0,2014-04-03
3583750000,-0.012537288005457836,0,2014-04-04
3801540000,-0.010750112394172895,1,2014-04-07
3721450000,0.0037505537703756975,1,2014-04-08
3308650000,0.010918212704340347,0,2014-04-09
3758780000,-0.020884795550912827,0,2014-04-10
3743460000,-0.009486773662544357,1,2014-04-11
3111540000,0.008217286225508769,1,2014-04-14
3736440000,0.006757307791485534,1,2014-04-15
3155080000,0.010488490558689278,1,2014-04-16
3341430000,0.001363852909705754,1,2014-04-17
2642500000,0.003775123551313042,1,2014-04-21
3215440000,0.004092139025126507,0,2014-04-22
3085720000,-0.002213313863220212,1,2014-04-23
3191830000,0.0017169605671216726,0,2014-04-24
3213020000,-0.008096390978489132,1,2014-04-25
4034680000,0.0032360358580392212,1,2014-04-28
3647820000,0.004760757069291355,1,2014-04-29
3779230000,0.002992016977140688,0,2014-04-30
3416740000,-0.0001432614814260713,0,2014-05-01
3159560000,-0.0013484450597095465,1,2014-05-02
2733730000,0.001871216126306141,0,2014-05-05
3327260000,-0.008988392160571124,1,2014-05-06
3632950000,0.005616468420812426,0,2014-05-07
3393420000,-0.0013736249452109828,1,2014-05-08
3025020000,0.001519476431128819,1,2014-05-09
3005740000,0.009672737603931392,1,2014-05-12
2915680000,0.0004217577030636299,0,2014-05-13
2822060000,-0.004701005088166399,0,2014-05-14
3552640000,-0.00936180703333589,1,2014-05-15
3173650000,0.00374696520677964,1,2014-05-16
2664250000,0.0038447864907102947,0,2014-05-19
3007700000,-0.00649839809746755,1,2014-05-20
2777140000,0.008116098951240547,1,2014-05-21
2759800000,0.0023622298736216685,1,2014-05-22
2396280000,0.004248391856225497,1,2014-05-23
2911020000,0.005987805879090757,0,2014-05-27
2976450000,-0.0011140717108722997,1,2014-05-28
2709050000,0.0053671102654548886,1,2014-05-29
3263490000,0.0018436779311643559,1,2014-05-30
2509020000,0.0007278261010281728,0,2014-06-02
2867180000,-0.00037921654875650024,1,2014-06-03
2793920000,0.001891663548679423,1,2014-06-04
3113270000,0.006525279593556643,1,2014-06-05
2864300000,0.004627758701298612,1,2014-06-06
2812180000,0.0009387712266117898,0,2014-06-09
2702360000,-0.00024598362294592224,0,2014-06-10
2710620000,-0.0035370410325543666,0,2014-06-11
3040480000,-0.00708889350376507,1,2014-06-12
2598230000,0.003134561695468774,1,2014-06-13
2926130000,0.0008367051734305964,1,2014-06-16
2971260000,0.0021725690603942027,1,2014-06-17
3065220000,0.007718881307192449,1,2014-06-18
2952150000,0.0012774785766593855,1,2014-06-19
4336240000,0.0017300583227324307,0,2014-06-20
2717630000,-0.00013246407875799893,0,2014-06-23
3089700000,-0.006435310620591883,1,2014-06-24
3106710000,0.0048975112174378665,0,2014-06-25
2778840000,-0.00117888399729138,1,2014-06-26
4290590000,0.001910868625069062,0,2014-06-27
3037350000,-0.0003722566922789161,1,2014-06-30
3188240000,0.006677770440579822,1,2014-07-01
2851480000,0.0006588129971369927,1,2014-07-02
1998090000,0.005479508115899812,0,2014-07-03
2681260000,-0.003923521850109468,0,2014-07-07
3302430000,-0.00704880201475111,1,2014-07-08
2858800000,0.004644267890169251,0,2014-07-09
3165690000,-0.004131071874054704,1,2014-07-10
2684630000,0.0014709227452411877,1,2014-07-11
2744920000,0.004843552990250188,0,2014-07-14
3328740000,-0.0019320956634630848,1,2014-07-15
3390950000,0.004201084929208676,0,2014-07-16
3381680000,-0.01183402645755216,1,2014-07-17
3106060000,0.010264935568841116,0,2014-07-18
2611160000,-0.0023202504717819705,1,2014-07-21
2890480000,0.005016150134305564,1,2014-07-22
2869720000,0.0017544380056517817,1,2014-07-23
3203530000,0.00048815592189166424,0,2014-07-24
2638960000,-0.004849150767687549,1,2014-07-25
2803320000,0.0002881549022029084,0,2014-07-28
3183300000,-0.004527786939807377,1,2014-07-29
3448250000,6.091277451791832e-05,0,2014-07-30
4193000000,-0.019999240340662028,0,2014-07-31
3789660000,-0.002859121137017251,1,2014-08-01
3072920000,0.007189032358413172,0,2014-08-04
3462520000,-0.009685469956760784,1,2014-08-05
3539150000,1.563854864095049e-05,0,2014-08-06
3230520000,-0.0055566200056119674,1,2014-08-07
2902280000,0.011531402436471216,1,2014-08-08
2784890000,0.0027594252503462258,0,2014-08-11
2611700000,-0.00163664161317445,1,2014-08-12
2718020000,0.006707160027472625,1,2014-08-13
2609460000,0.004345814053963171,0,2014-08-14
3023380000,-6.137292417629503e-05,1,2014-08-15
2638160000,0.008531672245722488,1,2014-08-18
2656430000,0.005000651911710952,1,2014-08-19
2579560000,0.002477812999687634,1,2014-08-20
2638920000,0.0029498896671826813,0,2014-08-21
2301860000,-0.0019925870761225983,1,2014-08-22
2233880000,0.004787778824361766,1,2014-08-25
2451950000,0.0010510808940034089,1,2014-08-26
2344350000,4.9987292607633904e-05,0,2014-08-27
2282400000,-0.0016899010514689339,1,2014-08-28
2259130000,0.00332041473363498,0,2014-08-29
2819980000,-0.0005440661600049079,0,2014-09-02
2809980000,-0.0007791410646480479,0,2014-09-03
3072410000,-0.0015344207755288997,1,2014-09-04
2818300000,0.005035885365550108,0,2014-09-05
2789090000,-0.003073114142502442,0,2014-09-08
2882830000,-0.006545009043329442,1,2014-09-09
2912430000,0.0036460744169486414,1,2014-09-10
2941690000,0.0008819054148185845,0,2014-09-11
3206570000,-0.005962558462297207,0,2014-09-12
2776530000,-0.0007101514711097545,1,2014-09-15
3160310000,0.007484376300642026,1,2014-09-16
3209420000,0.0012956437010964716,1,2014-09-17
3235340000,0.0048911800862372345,0,2014-09-18
4880220000,-0.00047726958102545236,0,2014-09-19
3349670000,-0.00801332329681892,0,2014-09-22
3279350000,-0.0057765015647701645,1,2014-09-23
3313850000,0.00783249148610099,0,2014-09-24
3273050000,-0.016168772358634453,1,2014-09-25
2929440000,0.008575824615237426,0,2014-09-26
3094440000,-0.002546802239196233,0,2014-09-29
3951100000,-0.002785928622506484,0,2014-09-30
4188590000,-0.013248560995234304,1,2014-10-01
4012510000,5.143341477165109e-06,1,2014-10-02
3560970000,0.0111655096821337,0,2014-10-03
3358220000,-0.0015651598591330806,0,2014-10-06
3687870000,-0.015126053030587783,1,2014-10-07
4441890000,0.017461650296527242,0,2014-10-08
4344020000,-0.02066141501469354,0,2014-10-09
4550540000,-0.011451012338901223,0,2014-10-10
4352580000,-0.016467929557809624,1,2014-10-13
4812010000,0.0015788647774723774,0,2014-10-14
6090800000,-0.008100314924121665,1,2014-10-15
5073150000,0.0001449777086941495,1,2014-10-16
4482120000,0.012884107385910504,1,2014-10-17
3331210000,0.00914265720638352,1,2014-10-20
3987090000,0.019574487182363987,0,2014-10-21
3761930000,-0.0072993302004167315,1,2014-10-22
3789250000,0.012303377138681793,1,2014-10-23
3078380000,0.007053449392805167,0,2014-10-24
3538860000,-0.0015015683952100956,1,2014-10-27
3653260000,0.011939073060167393,0,2014-10-28
3740350000,-0.0013853554985293615,1,2014-10-29
3586150000,0.0062301242403934864,1,2014-10-30
4292290000,0.011731393541549506,0,2014-10-31
3555440000,-0.00011892184463624389,0,2014-11-03
3956260000,-0.0028298416808328897,1,2014-11-04
3766590000,0.005700497411807115,1,2014-11-05
3669770000,0.0037755130048497954,1,2014-11-06
3704280000,0.00034958621780534216,1,2014-11-07
3284940000,0.003120184693883088,1,2014-11-10
2958320000,0.0006966942090356198,0,2014-11-11
3246650000,-0.0007011166816754955,1,2014-11-12
3455270000,0.0005298447465655887,1,2014-11-13
3227130000,0.00024027020881067784,1,2014-11-14
3152890000,0.0007353590216279127,1,2014-11-17
3416190000,0.005133983312177293,0,2014-11-18
3390850000,-0.0015011590075549863,1,2014-11-19
3128290000,0.0019670962134916703,1,2014-11-20
3916420000,0.0052368773596394025,1,2014-11-21
3128060000,0.0028640233144536786,0,2014-11-24
3392940000,-0.0011500296768531815,1,2014-11-25
2745260000,0.0028059818899186517,0,2014-11-26
2504640000,-0.002542427180532325,0,2014-11-28
4159010000,-0.006829362527492333,1,2014-12-01
3686650000,0.006384461097458161,1,2014-12-02
3612680000,0.0037647427417917267,0,2014-12-03
3408340000,-0.0011618962070774064,1,2014-12-04
3419620000,0.0016652165347093018,0,2014-12-05
3800990000,-0.007256565211683386,0,2014-12-08
3970150000,-0.00023782354133117245,0,2014-12-09
4114440000,-0.01635096881921505,1,2014-12-10
3917950000,0.0045356892119050585,0,2014-12-11
4157650000,-0.016213587335965784,0,2014-12-12
4361990000,-0.006342586611898127,0,2014-12-15
4958680000,-0.008489022887163578,1,2014-12-16
4942370000,0.020352415732846962,1,2014-12-17
4703380000,0.02401520473971619,1,2014-12-18
6465530000,0.004570048934014581,1,2014-12-19
3369520000,0.003810463907886641,1,2014-12-22
3043950000,0.0017463617463617798,0,2014-12-23
1416980000,-0.00013929653841071588,1,2014-12-24
1735230000,0.003309574570383944,1,2014-12-26
2452360000,0.0008617745425745227,0,2014-12-29
2440280000,-0.0048886047197381766,0,2014-12-30
2606070000,-0.010310858415930158,0,2014-12-31
2708700000,-0.0003399636723855348,0,2015-01-02
3799120000,-0.018278105145113743,0,2015-01-05
4460110000,-0.008893471722946522,1,2015-01-06
3805480000,0.01162984267174294,1,2015-01-07
3934010000,0.017888280629516196,0,2015-01-08
3364140000,-0.008403811034715436,0,2015-01-09
3456460000,-0.008093685160912578,0,2015-01-12
4107300000,-0.0025785552362955766,0,2015-01-13
4378680000,-0.005813067327385291,0,2015-01-14
4276720000,-0.009247875921837956,1,2015-01-15
4056410000,0.013424199395820402,1,2015-01-16
3944340000,0.0015499523698385698,1,2015-01-20
3730070000,0.004731623968765364,1,2015-01-21
4176050000,0.015269721916580492,0,2015-01-22
3573560000,-0.005491522439307173,1,2015-01-23
3465760000,0.002568460857030219,0,2015-01-26
3329810000,-0.013387862410411011,0,2015-01-27
4067530000,-0.013495609366348305,1,2015-01-28
4127140000,0.009534685287099887,0,2015-01-29
4568650000,-0.012991965252009852,1,2015-01-30
4008330000,0.01296246371066978,1,2015-02-02
4615900000,0.014439495293299576,0,2015-02-03
4141920000,-0.0041560462088314765,1,2015-02-04
3821990000,0.010291406686777416,0,2015-02-05
4232970000,-0.0034181723141418763,0,2015-02-06
3549540000,-0.004247194360987749,1,2015-02-09
3669850000,0.010675561019232394,0,2015-02-10
3596860000,-2.903358867545336e-05,1,2015-02-11
3788350000,0.009644506431775834,1,2015-02-12
3527450000,0.004074738491730789,1,2015-02-13
3361750000,0.0015975744623728527,0,2015-02-17
3370020000,-0.0003143092177338991,0,2015-02-18
3247100000,-0.0010620573331896477,1,2015-02-19
3281600000,0.006126533626735764,0,2015-02-20
3093680000,-0.0003033391953459752,1,2015-02-23
3199840000,0.002758770892866691,0,2015-02-24
3312340000,-0.0007657236475081541,0,2015-02-25
3408690000,-0.001476028227480719,0,2015-02-26
3547380000,-0.0029563045487578377,1,2015-02-27
3409490000,0.006124919257840311,0,2015-03-02
3262300000,-0.0045385421527393,0,2015-03-03
3421110000,-0.00438850348301556,1,2015-03-04
3103030000,0.0011960799848387271,0,2015-03-05
3853570000,-0.014173946589881803,1,2015-03-06
3349090000,0.0039444211911976446,0,2015-03-09
3668900000,-0.01696133008584244,0,2015-03-10
3406570000,-0.0019176795748703235,1,2015-03-11
3405860000,0.012601439566208406,0,2015-03-12
3498560000,-0.006074710968194674,1,2015-03-13
3295600000,0.013533671171787054,0,2015-03-16
3221840000,-0.003320173700583018,1,2015-03-17
4128210000,0.012158421402569175,0,2015-03-18
3305220000,-0.004872579408787825,1,2015-03-19
5554120000,0.00901275466979845,0,2015-03-20
3267960000,-0.0017457310425351702,0,2015-03-23
3189820000,-0.006139421956948832,0,2015-03-24
3521140000,-0.014558905652342857,0,2015-03-25
3510670000,-0.002377499996742527,1,2015-03-26
3008550000,0.0023685613495147972,1,2015-03-27
2917690000,0.012236645187396533,0,2015-03-30
3376550000,-0.008795775050879251,0,2015-03-31
3543270000,-0.003965371271123064,1,2015-04-01
3095960000,0.0035296669586522,1,2015-04-02
3302970000,0.0066088151237357895,0,2015-04-06
3065510000,-0.0020619040578628844,1,2015-04-07
3265330000,0.002682533127767339,1,2015-04-08
3172360000,0.004457481018385057,1,2015-04-09
3156200000,0.005202865037342352,0,2015-04-10
2908420000,-0.00458128059365126,1,2015-04-13
3301270000,0.0016297588743277025,1,2015-04-14
4013760000,0.005148195696902835,0,2015-04-15
3434120000,-0.0007784436134247175,0,2015-04-16
3627600000,-0.011311245518606405,1,2015-04-17
3000160000,0.009235131672624686,0,2015-04-20
3243410000,-0.0014806053255762563,1,2015-04-21
3348480000,0.005087480356207541,1,2015-04-22
3636670000,0.002357715893671175,1,2015-04-23
3375780000,0.002252800575326619,0,2015-04-24
3438750000,-0.004141314249916261,1,2015-04-27
3546270000,0.0027692316953564777,0,2015-04-28
4074970000,-0.0037403355807980043,0,2015-04-29
4509680000,-0.010128906614839228,1,2015-04-30
3379390000,0.010923001659165044,1,2015-05-01
3091580000,0.002940748690645867,0,2015-05-04
3793950000,-0.011837383677612334,0,2015-05-05
3792210000,-0.004455724813014705,1,2015-05-06
3676640000,0.0037738134388320965,1,2015-05-07
3399440000,0.013457901176364917,0,2015-05-08
2992670000,-0.005089560528435566,0,2015-05-11
3139520000,-0.0029496376848567873,0,2015-05-12
3374260000,-0.00030495478248648844,1,2015-05-13
3225740000,0.010779286625573148,1,2015-05-14
3092080000,0.0007684139066803652,1,2015-05-15
2888190000,0.003047948049283322,0,2015-05-18
3296030000,-0.0006433745436266181,0,2015-05-19
3025880000,-0.0009305162517933008,1,2015-05-20
3070460000,0.0023378744854138933,0,2015-05-21
2571860000,-0.002233886303356414,0,2015-05-22
3342130000,-0.010281980197837881,1,2015-05-26
3127960000,0.009162641262365545,0,2015-05-27
2980350000,-0.0012667608976734135,0,2015-05-28
3927390000,-0.0063184691730722164,1,2015-05-29
3011710000,0.002059461282371222,0,2015-06-01
3049350000,-0.0010085961899480855,1,2015-06-02
3099980000,0.0021188711112078984,0,2015-06-03
3200050000,-0.008623167576889856,0,2015-06-04
3243690000,-0.0014361829335245435,0,2015-06-05
2917150000,-0.006474509789282434,1,2015-06-08
3034580000,0.00041835300422188304,1,2015-06-09
3414320000,0.012042424827124476,1,2015-06-10
3128600000,0.0017386264178671507,0,2015-06-11
2719400000,-0.0069942998817651425,0,2015-06-12
3061570000,-0.004622572493653387,1,2015-06-15
2919900000,0.0056898566086796,1,2015-06-16
3222240000,0.0019796413026920145,1,2015-06-17
3520360000,0.009902710578908236,0,2015-06-18
4449810000,-0.0053035017498218595,1,2015-06-19
3030020000,0.006094866554531064,1,2015-06-22
3091190000,0.0006358685039113965,0,2015-06-23
3102480000,-0.00735329696164333,0,2015-06-24
3214610000,-0.0029735743006855664,0,2015-06-25
5025470000,-0.0003900796440671206,0,2015-06-26
3678960000,-0.02086619391956246,1,2015-06-29
4078540000,0.0026584898861461426,1,2015-06-30
3727260000,0.006936040108400654,0,2015-07-01
2996540000,-0.0003080227407983305,0,2015-07-02
3486360000,-0.003861756863082544,1,2015-07-06
4458660000,0.00608097510857486,0,2015-07-07
3608780000,-0.016652749054007043,1,2015-07-08
3446810000,0.0022622025726091177,1,2015-07-09
3065070000,0.012338485100151564,1,2015-07-10
3096730000,0.011066049239604414,1,2015-07-13
3002120000,0.004453159211633695,0,2015-07-14
3261810000,-0.000734986066058041,1,2015-07-15
3227080000,0.008014680412562258,1,2015-07-16
3362750000,0.001106182994042637,1,2015-07-17
3245870000,0.00077123387202227,0,2015-07-20
3343690000,-0.0042616893616069795,0,2015-07-21
3694070000,-0.0023877098952062026,0,2015-07-22
3772810000,-0.005676040278268291,0,2015-07-23
3870040000,-0.01070332804283558,0,2015-07-24
3836750000,-0.005775015185050969,1,2015-07-27
4117740000,0.012386154626733425,1,2015-07-28
4038900000,0.007318795346650031,1,2015-07-29
3579410000,2.836730636679441e-05,0,2015-07-30
3681340000,-0.002271519985995063,0,2015-07-31
3476770000,-0.002756886733696673,0,2015-08-03
3546710000,-0.002249704779339723,1,2015-08-04
3968680000,0.0031146787487494887,0,2015-08-05
4246570000,-0.00775298528243118,0,2015-08-06
3602320000,-0.0028748824444340126,1,2015-08-07
3514460000,0.012808166466444781,0,2015-08-10
3708880000,-0.00955710249815489,1,2015-08-11
4269130000,0.0009500546545004873,0,2015-08-12
3221300000,-0.0012752120935421996,1,2015-08-13
2795590000,0.003911964108786803,1,2015-08-14
2867690000,0.00521142418513576,0,2015-08-17
2949990000,-0.002625530186397551,0,2015-08-18
3512920000,-0.008254876246131082,0,2015-08-19
3922470000,-0.021100170073477753,0,2015-08-20
5018240000,-0.031850965718637325,0,2015-08-21
6612690000,-0.03941369286646568,0,2015-08-24
5183560000,-0.01352199497897244,1,2015-08-25
5338250000,0.03903385877450183,1,2015-08-26
5006390000,0.024297748621125326,1,2015-08-27
3949080000,0.0006087363616984476,0,2015-08-28
3915100000,-0.008391670369217175,0,2015-08-31
4371850000,-0.029576446640986798,1,2015-09-01
3742620000,0.01829297500443139,1,2015-09-02
3520700000,0.0011647935451044589,0,2015-09-03
3167090000,-0.015329595723932221,1,2015-09-04
3548650000,0.02508305358648033,0,2015-09-08
3652120000,-0.01389756050907287,1,2015-09-09
3626320000,0.005277955033794246,1,2015-09-10
3218590000,0.004487043210972708,0,2015-09-11
3000200000,-0.004089655710746709,1,2015-09-14
3239860000,0.01283131142251781,1,2015-09-15
3630680000,0.008705414349693852,0,2015-09-16
4183790000,-0.002561059320011938,0,2015-09-17
6021240000,-0.016164165744279924,1,2015-09-18
3269350000,0.004565783605198437,0,2015-09-21
3808260000,-0.012318429274285614,0,2015-09-22
3190530000,-0.002048642890328245,0,2015-09-23
4091530000,-0.003362984329369434,0,2015-09-24
3721870000,-0.00046579328582951884,0,2015-09-25
4326660000,-0.02566609046896018,1,2015-09-28
4132390000,0.001232853252514099,1,2015-09-29
4525070000,0.019075555906861608,1,2015-09-30
3983600000,0.001973884228037459,1,2015-10-01
4378570000,0.014315289284541954,1,2015-10-02
4334490000,0.018289840800508328,0,2015-10-05
4202400000,-0.0035882361830883447,1,2015-10-06
4666470000,0.008035633639867479,1,2015-10-07
3939140000,0.008818435459823082,1,2015-10-08
3706900000,0.000725111326717931,1,2015-10-09
2893250000,0.0012754772073804155,0,2015-10-12
3401920000,-0.006825423947869114,0,2015-10-13
3644590000,-0.0047162741982138545,1,2015-10-14
3746290000,0.01485277361914017,1,2015-10-15
3595430000,0.004570474275370051,1,2015-10-16
3287320000,0.00027054553471672627,0,2015-10-19
3331500000,-0.0014210903493528937,0,2015-10-20
3627790000,-0.005825414995899281,1,2015-10-21
4430850000,0.01662757156411132,1,2015-10-22
4108460000,0.011030344539323389,0,2015-10-23
3385800000,-0.0019131006866738298,0,2015-10-26
4216880000,-0.002554118539720318,1,2015-10-27
4698110000,0.01184003327863703,0,2015-10-28
4008940000,-0.0004497742019048401,0,2015-10-29
4256200000,-0.004809877003672414,1,2015-10-30
3760020000,0.011873817006551102,1,2015-11-02
4272060000,0.002728067346863705,0,2015-11-03
4078870000,-0.003545367230984642,0,2015-11-04
4051890000,-0.0011321483923818487,0,2015-11-05
4369020000,-0.0003476213457177524,0,2015-11-06
3882350000,-0.009822729385718598,1,2015-11-09
3821440000,0.0015105949543003927,0,2015-11-10
3692410000,-0.003228085812548187,0,2015-11-11
4016370000,-0.013990375564759017,0,2015-11-12
4278750000,-0.011207364706699363,1,2015-11-13
3741240000,0.014903265264943455,0,2015-11-16
4427350000,-0.0013393792481354305,1,2015-11-17
3926390000,0.01616245179852549,0,2015-11-18
3628110000,-0.00112310916925773,1,2015-11-19
3929600000,0.003810195689989637,0,2015-11-20
3587980000,-0.0012348607728660532,1,2015-11-23
3884930000,0.0012219959743400288,0,2015-11-24
2852940000,-0.00012913227667687988,1,2015-11-25
1466840000,0.0005936176807606053,0,2015-11-27
4275030000,-0.004640997274763192,1,2015-11-30
3712120000,0.01068057336863748,0,2015-12-01
3950640000,-0.010995693172566212,0,2015-12-02
4306490000,-0.014373526666262015,1,2015-12-03
4214910000,0.0205256690573854,0,2015-12-04
4043820000,-0.006989502964787397,0,2015-12-07
4173570000,-0.0064899016523778386,0,2015-12-08
4385250000,-0.007738985017979982,1,2015-12-09
3715150000,0.0022513871531610885,0,2015-12-10
4301060000,-0.019422767297482935,1,2015-12-11
4612440000,0.004755560017433602,1,2015-12-14
4353540000,0.010618561082731848,1,2015-12-15
4635450000,0.014514969430300617,0,2015-12-16
4327390000,-0.015040520909943678,0,2015-12-17
6683070000,-0.01779722000676387,1,2015-12-18
3760280000,0.0077784025360287945,1,2015-12-21
3520860000,0.008816736053143037,1,2015-12-22
3484090000,0.01241806830075265,0,2015-12-23
1411860000,-0.001598636221499028,0,2015-12-24
2492510000,-0.00217855994238203,1,2015-12-28
2542000000,0.010629762908764828,0,2015-12-29
2367430000,-0.007217228595965963,0,2015-12-30
2655330000,-0.00941191309542666,0,2015-12-31
4304880000,-0.015303731089594375,1,2016-01-04
3706620000,0.0020122259542274534,0,2016-01-05
4336660000,-0.013115396702646942,0,2016-01-06
5076590000,-0.023700443014411654,0,2016-01-07
4664940000,-0.010838374390218508,1,2016-01-08
4607290000,0.0008532721255336551,1,2016-01-11
4887260000,0.00780279851675636,0,2016-01-12
5087030000,-0.02496545230421965,1,2016-01-13
5241110000,0.016695905386662213,0,2016-01-14
5468460000,-0.021599098001850003,1,2016-01-15
4928350000,0.0005318215543925753,0,2016-01-19
6416070000,-0.011693855152413501,1,2016-01-20
5078810000,0.005195438361131455,1,2016-01-21
4901760000,0.020283701024494727,0,2016-01-22
4401380000,-0.015637982053378963,1,2016-01-25
4357940000,0.014144335590226431,0,2016-01-26
4754040000,-0.010863483795639506,1,2016-01-27
4693010000,0.005528577205787588,1,2016-01-28
5497570000,0.0247602174153414,0,2016-01-29
4322530000,-0.00044323658717015935,0,2016-02-01
4463190000,-0.018743090830274922,1,2016-02-02
5172950000,0.004992038934619414,1,2016-02-03
5193320000,0.0015267325638141926,0,2016-02-04
4929940000,-0.018481246310869337,0,2016-02-05
5636460000,-0.014153935656373462,0,2016-02-08
5183220000,-0.0006636203533073592,0,2016-02-09
4471170000,-0.00018895027740828407,0,2016-02-10
5500800000,-0.012301161792504733,1,2016-02-11
4696920000,0.019518049565855122,1,2016-02-12
4570670000,0.01651665412216241,1,2016-02-16
5011540000,0.01648043921048603,0,2016-02-17
4436490000,-0.004665713707027619,0,2016-02-18
4142850000,-2.6032942938902792e-05,1,2016-02-19
4054710000,0.014454197186153817,0,2016-02-22
3890650000,-0.012454371867771763,1,2016-02-23
4317250000,0.004439786812972857,1,2016-02-24
4118210000,0.011348275359951865,0,2016-02-25
4348510000,-0.0018701144822791393,0,2016-02-26
4588180000,-0.008120976341902342,1,2016-02-29
4819750000,0.023868791801894718,1,2016-03-01
4666610000,0.004094308735004493,1,2016-03-02
5081700000,0.0034987406745825567,1,2016-03-03
6049930000,0.0033058923144386743,1,2016-03-04
4968180000,0.0008850141950174084,0,2016-03-07
4641650000,-0.011240108649505087,1,2016-03-08
4038120000,0.0050523932937867055,1,2016-03-09
4376790000,0.00015580493345068724,1,2016-03-10
4078620000,0.01639550053418848,0,2016-03-11
3487850000,-0.001260972921287129,0,2016-03-14
3560280000,-0.0018369416879204792,1,2016-03-15
4057020000,0.005600351545632654,1,2016-03-16
4530480000,0.006595236486620859,1,2016-03-17
6503140000,0.004405643688967897,1,2016-03-18
3376600000,0.0009855772666846896,0,2016-03-21
3418460000,-0.000877387766836879,0,2016-03-22
3639510000,-0.006386031602501285,0,2016-03-23
3407720000,-0.0003780702927851376,1,2016-03-24
2809090000,0.0005452554858313974,1,2016-03-28
3822330000,0.008816651779288476,1,2016-03-29
3590310000,0.004350315260639448,0,2016-03-30
3715280000,-0.00203975921756705,1,2016-03-31
3749990000,0.006330915127309877,0,2016-04-01
3485710000,-0.003208322345054082,0,2016-04-04
4154920000,-0.010144492387214377,1,2016-04-05
3750800000,0.010507619269939372,0,2016-04-06
3801250000,-0.011975786526205012,1,2016-04-07
3359530000,0.0027865779152880243,0,2016-04-08
3567840000,-0.0027397858070188352,1,2016-04-11
4239740000,0.0096621337827838,1,2016-04-12
4191830000,0.01004013710204088,1,2016-04-13
3765870000,0.0001729273803483533,0,2016-04-14
3701450000,-0.0009842848497145784,1,2016-04-15
3316880000,0.006541025289023228,1,2016-04-18
3896830000,0.0030844851678346608,1,2016-04-19
4184880000,0.0007615448773992117,0,2016-04-20
4175290000,-0.005194027008290192,1,2016-04-21
3790580000,4.785972478082989e-05,0,2016-04-22
3319740000,-0.0018120458796383465,1,2016-04-25
3557190000,0.0018727515871905798,1,2016-04-26
4100110000,0.001649352800310755,0,2016-04-27
4309840000,-0.009230768513682652,0,2016-04-28
4704720000,-0.005063088369821722,1,2016-04-29
3841110000,0.007809946463542827,0,2016-05-02
4173390000,-0.008676638198860664,0,2016-05-03
4058560000,-0.005936889314214544,0,2016-05-04
4008530000,-0.0002390081258001331,1,2016-05-05
3796350000,0.0031746390805036384,1,2016-05-06
3788620000,0.0007534970439868616,1,2016-05-09
3600200000,0.012483643435067249,0,2016-05-10
3821980000,-0.009561518078546327,0,2016-05-11
3782390000,-0.0001694649071644072,0,2016-05-12
3579880000,-0.00847828902508041,1,2016-05-13
3501360000,0.009796652464963085,0,2016-05-16
4108960000,-0.009411297455333645,1,2016-05-17
4101320000,0.00020517873267866804,0,2016-05-18
3846770000,-0.003706707658226005,1,2016-05-19
3507650000,0.006019504059596059,0,2016-05-20
3055480000,-0.0020854589704891735,1,2016-05-23
3627340000,0.013681382686285826,1,2016-05-24
3859160000,0.006974740643369559,0,2016-05-25
3230990000,-0.00021044390350322129,1,2016-05-26
3079150000,0.004286857336424754,0,2016-05-27
4514410000,-0.0010052630048559275,1,2016-05-31
3525170000,0.0011350423274503196,1,2016-06-01
3632720000,0.0028246780734553223,0,2016-06-02
3627780000,-0.002911814656949452,1,2016-06-03
3442020000,0.004897281193053882,1,2016-06-06
3534730000,0.0012894462510633087,1,2016-06-07
3562060000,0.0033095665337075086,0,2016-06-08
3290320000,-0.0017177585589538413,0,2016-06-09
3515010000,-0.009175181182794367,0,2016-06-10
3392030000,-0.008115191387155773,0,2016-06-13
3759770000,-0.0017988851350955182,0,2016-06-14
3544720000,-0.0018407128700851372,1,2016-06-15
3628280000,0.0031329906996742096,0,2016-06-16
4952630000,-0.0032579654199809127,1,2016-06-17
3467440000,0.00580818525653326,1,2016-06-20
3232880000,0.002712061607464289,0,2016-06-21
3168160000,-0.0016515636618127383,1,2016-06-22
3297940000,0.01336407865930278,0,2016-06-23
7597450000,-0.035919799994431734,0,2016-06-24
5431220000,-0.01809650217612302,1,2016-06-27
4385810000,0.01777016508725926,1,2016-06-28
4241740000,0.017032672570028273,1,2016-06-29
4622820000,0.013565044705922347,1,2016-06-30
3458890000,0.00194860235588723,0,2016-07-01
3658380000,-0.006847477437932237,1,2016-07-05
3909380000,0.005352963242081676,0,2016-07-06
3604550000,-0.0008715778419239317,1,2016-07-07
3607500000,0.015253349296718177,1,2016-07-08
3253340000,0.003408615474199461,1,2016-07-11
4097820000,0.007009293213798395,1,2016-07-12
3502320000,0.00013476775533982632,1,2016-07-13
3465610000,0.00525920411762093,0,2016-07-14
3122600000,-0.0009289473209127541,1,2016-07-15
3009310000,0.002382294987840705,0,2016-07-18
2968340000,-0.0014351736522938419,1,2016-07-19
3211860000,0.004270300173431885,0,2016-07-20
3438900000,-0.003612528916297486,1,2016-07-21
3023280000,0.004553964713003289,0,2016-07-22
3057240000,-0.0030114751244342264,1,2016-07-25
3442350000,0.0003227842443460638,0,2016-07-26
3995500000,-0.0011985421207814095,1,2016-07-27
3664240000,0.0016062090221755643,1,2016-07-28
4038840000,0.0016313092573088106,0,2016-07-29
3505990000,-0.0012697872845152114,0,2016-08-01
3848750000,-0.006361619481225378,1,2016-08-02
3786530000,0.0031339432802557354,1,2016-08-03
3709200000,0.00021257188969192597,1,2016-08-04
3663070000,0.008603496447961101,0,2016-08-05
3327550000,-0.0009071655678379864,1,2016-08-08
3334300000,0.0003897939364765346,0,2016-08-09
3254950000,-0.0028646859974036376,1,2016-08-10
3423160000,0.004734588012062169,0,2016-08-11
3000660000,-0.0007960463737501922,1,2016-08-12
3078530000,0.0027929092187690685,0,2016-08-15
3196400000,-0.00547907701986905,1,2016-08-16
3388910000,0.001868589648029051,1,2016-08-17
3300570000,0.0021996173129046337,0,2016-08-18
3084800000,-0.0014402713809749113,0,2016-08-19
2777550000,-0.000563323157221185,1,2016-08-22
3041490000,0.0019517694055308787,0,2016-08-23
3148280000,-0.005240276852734871,0,2016-08-24
2969310000,-0.0013652276243513173,0,2016-08-25
3342340000,-0.0015788165944199406,1,2016-08-26
2654780000,0.005228047221710774,0,2016-08-29
3006800000,-0.0019536804841114863,0,2016-08-30
3766390000,-0.0023758642617150993,0,2016-08-31
3392120000,-4.1384533048027805e-05,1,2016-09-01
3091120000,0.004201041336424849,1,2016-09-02
3447650000,0.0029816787577114923,0,2016-09-06
3319420000,-0.0001463852229309781,0,2016-09-07
3727840000,-0.0022230136296667036,0,2016-09-08
4233960000,-0.02452206896667508,1,2016-09-09
4010480000,0.01467705274849096,0,2016-09-12
4141670000,-0.014830674258895948,0,2016-09-13
3664100000,-0.0005876766502063147,1,2016-09-14
3373720000,0.010109273363029914,0,2016-09-15
5014360000,-0.0037722947474507773,0,2016-09-16
3141820000,-1.8603060785604697e-05,1,2016-09-19
3117380000,0.0002991382171499968,1,2016-09-20
3685450000,0.010917162352442444,1,2016-09-21
3523860000,0.006499784427785649,0,2016-09-22
3289860000,-0.00573677446354337,0,2016-09-23
3199910000,-0.008587762798917709,1,2016-09-26
3414090000,0.006444170055012188,1,2016-09-27
3860390000,0.005296554012835575,0,2016-09-28
4215620000,-0.009321411497187015,1,2016-09-29
4158800000,0.007967969231286176,0,2016-09-30
3113850000,-0.0032606955294726125,0,2016-10-03
3716100000,-0.0049555622707156965,1,2016-10-04
3883710000,0.0042966906501935576,1,2016-10-05
3438040000,0.00048155976529717925,0,2016-10-06
3578770000,-0.0032534833570118105,1,2016-10-07
2881970000,0.004605905039596125,0,2016-10-10
3393060000,-0.012446471596532338,1,2016-10-11
2959510000,0.001146589037580359,0,2016-10-12
3538030000,-0.0030992637479612117,1,2016-10-13
3187910000,0.00020160447857309194,0,2016-10-14
2832440000,-0.003037994040303138,1,2016-10-17
3172940000,0.006160403318245855,1,2016-10-18
3364990000,0.0021919710189710617,0,2016-10-19
3339320000,-0.0013757239543792377,0,2016-10-20
3456390000,-8.414160005176807e-05,1,2016-10-21
3359950000,0.004749839541692946,0,2016-10-24
3756200000,-0.0037977277864983394,0,2016-10-25
3778120000,-0.0017404116452881535,0,2016-10-26
4209400000,-0.0029867267366989747,0,2016-10-27
4028270000,-0.0031082993435224138,0,2016-10-28
3926560000,-0.00012227640782913607,0,2016-10-31
4539190000,-0.006786883476427641,0,2016-11-01
4289120000,-0.00652550029741239,0,2016-11-02
3892100000,-0.004423400838946101,0,2016-11-03
3841910000,-0.0016661307322337615,1,2016-11-04
3739720000,0.022223543967337278,1,2016-11-07
3921850000,0.0037719744542996647,1,2016-11-08
6267590000,0.011077020753253342,1,2016-11-09
6458450000,0.0019507459501284519,0,2016-11-10
4993990000,-0.0013979503036608554,0,2016-11-11
5373670000,-0.00011550278622274313,1,2016-11-14
4548110000,0.007480797417763307,0,2016-11-15
3847900000,-0.0015822634216101639,1,2016-11-16
3811730000,0.004676369608375142,0,2016-11-17
3580900000,-0.002386798421690206,1,2016-11-18
3611500000,0.0074614006258433285,1,2016-11-21
3960520000,0.002165432272904111,1,2016-11-22
3419850000,0.0008080244329033981,1,2016-11-23
1584590000,0.003914386891670674,0,2016-11-25
3515100000,-0.005254535631502799,1,2016-11-28
3709190000,0.0013352930642269722,0,2016-11-29
5538400000,-0.0026534040390964186,0,2016-11-30
5067470000,-0.0035155289737457407,1,2016-12-01
3782370000,0.00039700650631591117,1,2016-12-02
3898530000,0.005821305253253195,1,2016-12-05
3857290000,0.0034108883546988267,1,2016-12-06
4504070000,0.013163241364864575,1,2016-12-07
4203270000,0.0021593430473272335,1,2016-12-08
3886460000,0.005938984786955759,0,2016-12-09
4038850000,-0.0011374349205595102,1,2016-12-12
3875630000,0.006539774750587091,0,2016-12-13
4409670000,-0.00811717185395111,1,2016-12-14
4173360000,0.0038832279549072535,0,2016-12-15
5928980000,-0.0017506226204834219,1,2016-12-16
3252840000,0.001975120701520394,1,2016-12-19
3306250000,0.0036375121488696482,0,2016-12-20
2854880000,-0.0024573614565177593,0,2016-12-21
2880670000,-0.0018629737285675851,1,2016-12-22
2021230000,0.0012517152775348706,1,2016-12-23
1989730000,0.0022483727122095676,0,2016-12-27
2402750000,-0.008356529175972627,0,2016-12-28
2338700000,-0.000293304709629405,0,2016-12-29
2671550000,-0.004637050227782158,1,2016-12-30
3773010000,0.008486575281279274,1,2017-01-03
3768890000,0.005722273788525856,0,2017-01-04
3785080000,-0.0007706704833204681,1,2017-01-05
3342080000,0.0035169592193697863,0,2017-01-06
3219730000,-0.0035485942758867184,0,2017-01-09
3640560000,0.0,1,2017-01-10
3625080000,0.0028296382793233654,0,2017-01-11
3466220000,-0.0021448089967596173,1,2017-01-12
3090680000,0.0018498402425362048,0,2017-01-13
3586950000,-0.0029675026899970147,1,2017-01-17
3317670000,0.0017637540575008437,0,2017-01-18
3168390000,-0.003609308355419394,1,2017-01-19
3536850000,0.003366237154707852,0,2017-01-20
3155240000,-0.002690124758069401,1,2017-01-23
3816950000,0.006564593637664151,1,2017-01-24
3849340000,0.008026090549617448,0,2017-01-25
3611510000,-0.0007353844075136395,0,2017-01-26
3137420000,-0.000866463892926328,0,2017-01-27
3595040000,-0.006009543517695892,0,2017-01-30
4089730000,-0.0008899054071440649,1,2017-01-31
3919190000,0.00029836348965073256,1,2017-02-01
3809760000,0.0005703094032936118,1,2017-02-02
3605970000,0.007264758098647794,0,2017-02-03
3112390000,-0.002115356985885164,1,2017-02-06
3452460000,0.00022682918569594257,1,2017-02-07
3611950000,0.0006933223855400961,1,2017-02-08
3681600000,0.005752546449780516,1,2017-02-09
3496600000,0.003566050102845164,1,2017-02-10
3352370000,0.005245845097992419,1,2017-02-13
3528040000,0.004007335176634763,1,2017-02-14
3785870000,0.004992308919898214,0,2017-02-15
3675900000,-0.0008641180363413437,1,2017-02-16
3516830000,0.0016785565287558146,1,2017-02-17
3587520000,0.006048066160828425,0,2017-02-21
3473170000,-0.001082200145408052,1,2017-02-22
4021770000,0.00041898672168572126,1,2017-02-23
3832410000,0.0014933641914423035,1,2017-02-24
3584680000,0.0010179830611165563,0,2017-02-27
4212460000,-0.0025783763780462543,1,2017-02-28
4347630000,0.013673854659866258,0,2017-03-01
3824030000,-0.005859880503598425,1,2017-03-02
3556670000,0.0005038772720600271,0,2017-03-03
3251800000,-0.0032772408480052917,0,2017-03-06
3526300000,-0.0029133737680216987,0,2017-03-07
3814080000,-0.002284215165048731,1,2017-03-08
3718450000,0.0007998953585612867,1,2017-03-09
3434400000,0.003268670195698986,1,2017-03-10
3166650000,0.0003666328125562224,0,2017-03-13
3173760000,-0.0033790271755046453,1,2017-03-14
3909490000,0.008374752796581397,0,2017-03-15
3368880000,-0.0016267102694209612,0,2017-03-16
5179820000,-0.0013143147950017697,0,2017-03-17
3061560000,-0.0020098935338483948,0,2017-03-20
4278890000,-0.012407972940626899,1,2017-03-21
3575160000,0.0018898864360001877,0,2017-03-22
3262400000,-0.001060269661328106,0,2017-03-23
2978530000,-0.0008439958489141475,0,2017-03-24
3242300000,-0.001019587452981141,1,2017-03-27
3369120000,0.007251474353500598,1,2017-03-28
3107670000,0.001085324742930105,1,2017-03-29
3159680000,0.002935109936855751,0,2017-03-30
3356740000,-0.002255047489714501,0,2017-03-31
3418730000,-0.0016421255420062675,1,2017-04-03
3208340000,0.0005595225490382383,0,2017-04-04
3780650000,-0.0030548611983906016,1,2017-04-05
3203250000,0.001929509405943275,0,2017-04-06
3054700000,-0.0008271302020167459,1,2017-04-07
2792570000,0.0006876864837839225,0,2017-04-10
3120900000,-0.001433879303282093,0,2017-04-11
3201300000,-0.003759951034546627,0,2017-04-12
3146380000,-0.006814694227374907,1,2017-04-13
2826890000,0.008613348940219367,0,2017-04-17
3272210000,-0.0029033798625895946,0,2017-04-18
3521160000,-0.0017163507793208632,1,2017-04-19
3648990000,0.007557263417987681,0,2017-04-20
3524160000,-0.0030350729326357184,1,2017-04-21
3711170000,0.01084006896297951,1,2017-04-24
4005820000,0.006090687476747014,0,2017-04-25
4111350000,-0.00048570348354270987,1,2017-04-26
4099940000,0.0005529198041311911,0,2017-04-27
3721350000,-0.0019131470681601481,1,2017-04-28
3201500000,0.0017322905115801923,1,2017-05-01
3861360000,0.0011890499458222514,0,2017-05-02
3896760000,-0.0012713605313821041,1,2017-05-03
4367860000,0.0005821026438950216,1,2017-05-04
3543240000,0.0040886954080285864,1,2017-05-05
3429990000,3.744597299082386e-05,0,2017-05-08
3657840000,-0.0010252486299153762,1,2017-05-09
3649370000,0.0011306013658478609,0,2017-05-10
3727710000,-0.002162809124616749,0,2017-05-11
3304620000,-0.0014784413679722608,1,2017-05-12
3490080000,0.004776513648450997,0,2017-05-15
3421810000,-0.0006868970151433507,0,2017-05-16
4164760000,-0.018178214414433458,1,2017-05-17
4319440000,0.003686818283279214,1,2017-05-18
3831700000,0.006767499942466504,1,2017-05-19
3176580000,0.005160131149745784,1,2017-05-22
3216560000,0.001837871992654172,1,2017-05-23
3389240000,0.002489126548973042,1,2017-05-24
3538210000,0.00444194837709877,1,2017-05-25
2806930000,0.00031054999597146526,0,2017-05-26
3205860000,-0.0012046245861250249,0,2017-05-30
4518040000,-0.000459968801852062,1,2017-05-31
3860620000,0.007571112611303388,1,2017-06-01
3465500000,0.0037077313104922904,0,2017-06-02
2916720000,-0.001217665183814387,0,2017-06-05
3376750000,-0.0027790399654609166,1,2017-06-06
3576220000,0.0015682572275503848,1,2017-06-07
3735980000,0.00026720472849017796,0,2017-06-08
4029860000,-0.0008299892344156845,0,2017-06-09
4031840000,-0.000978763178264619,1,2017-06-12
3278240000,0.004511505177332342,0,2017-06-13
3558640000,-0.0009958307964025304,0,2017-06-14
3371980000,-0.0022395981461527104,1,2017-06-15
5299380000,0.0002836393681004967,1,2017-06-16
3271480000,0.008347228657875183,0,2017-06-19
3422700000,-0.0066966373620162,0,2017-06-20
3599190000,-0.0005826443900691647,0,2017-06-21
3477250000,-0.00045578207221763645,1,2017-06-22
5282460000,0.0015609155178168965,1,2017-06-23
3243660000,0.000315801794623205,0,2017-06-26
3564770000,-0.00807282488613359,1,2017-06-27
3479980000,0.008808066374833778,0,2017-06-28
3869560000,-0.008600023246820632,1,2017-06-29
3366030000,0.0015332318107057485,1,2017-06-30
1901480000,0.002310833849555216,1,2017-07-03
3368150000,0.001453279024245635,0,2017-07-05
3368710000,-0.009368823820586791,1,2017-07-06
2929390000,0.006403125486305727,1,2017-07-07
3009880000,0.0009277662125786179,0,2017-07-10
3108800000,-0.0007826806116978391,1,2017-07-11
3176900000,0.007305607635895495,1,2017-07-12
3068510000,0.0018745843139260643,1,2017-07-13
2738460000,0.004673503078699293,0,2017-07-14
2800580000,-5.291283677333336e-05,1,2017-07-17
2974090000,0.0005978573436131729,1,2017-07-18
3063810000,0.005372639356088893,0,2017-07-19
3223820000,-0.00015365928181010347,0,2017-07-20
3066880000,-0.00036787164783502746,0,2017-07-21
3019920000,-0.0010637348279797232,1,2017-07-24
4116360000,0.002923171678338221,1,2017-07-25
3597830000,0.0002826639480466575,0,2017-07-26
4035740000,-0.0009726882691745153,0,2017-07-27
3302850000,-0.001341115577770502,0,2017-07-28
3475930000,-0.0007281456077897763,1,2017-07-31
3470260000,0.0024491149692504877,1,2017-08-01
3487150000,0.0004926487188865458,0,2017-08-02
3662410000,-0.002183654185644257,1,2017-08-03
3239980000,0.0018891035295691694,1,2017-08-04
2935130000,0.001647199789928111,0,2017-08-07
3347480000,-0.0024144327873969473,0,2017-08-08
3310960000,-0.00036360867105078576,0,2017-08-09
3635820000,-0.014474441722801767,1,2017-08-10
3161830000,0.0012755699762128092,1,2017-08-11
2824320000,0.010043754544535322,0,2017-08-14
2922430000,-0.0004988078808476626,1,2017-08-15
2956570000,0.0014201029158569245,0,2017-08-16
3164950000,-0.015436952160958639,0,2017-08-17
3426970000,-0.0018353673110713675,1,2017-08-18
2803650000,0.001162651069903653,1,2017-08-21
2780990000,0.00994077978775465,0,2017-08-22
2796950000,-0.0034535927149730306,0,2017-08-23
2849680000,-0.0020744620703185834,1,2017-08-24
2593350000,0.0016728693563305974,1,2017-08-25
2682920000,0.00048707205438569545,1,2017-08-28
2739460000,0.000842821736810162,1,2017-08-29
2637780000,0.004615148933961866,1,2017-08-30
3353860000,0.005720976220730423,1,2017-08-31
2712780000,0.001982540682532896,0,2017-09-01
3502190000,-0.007550806889900619,1,2017-09-05
3400200000,0.0031287267736885838,0,2017-09-06
3365780000,-0.00017843612323464875,0,2017-09-07
3308360000,-0.001488850703918465,1,2017-09-08
3293460000,0.01083929931877714,1,2017-09-11
3234280000,0.0033639480109453057,1,2017-09-12
3371370000,0.0007571207193879381,0,2017-09-13
3422470000,-0.0011007176162897148,1,2017-09-14
4862970000,0.0018471814878802117,1,2017-09-15
3204700000,0.0014559207541648966,1,2017-09-18
3253760000,0.0011101954279371107,1,2017-09-19
3584570000,0.0006343478158390425,0,2017-09-20
2965590000,-0.0030459176984141134,1,2017-09-21
2877980000,0.0006477937229520947,0,2017-09-22
3314530000,-0.002222050282888466,1,2017-09-25
3070770000,7.216672978804795e-05,1,2017-09-26
3485070000,0.004085143947080816,1,2017-09-27
3173030000,0.001204615596159142,1,2017-09-28
3220260000,0.0037051100814438076,1,2017-09-29
3226370000,0.003874003457017716,1,2017-10-02
3073480000,0.0021588381272976687,1,2017-10-03
3020770000,0.0012467201713795006,1,2017-10-04
3059730000,0.005646787369921524,0,2017-10-05
2898270000,-0.0010736344069645076,0,2017-10-06
2486940000,-0.0018044339160793177,1,2017-10-09
2962610000,0.002322412261707374,1,2017-10-10
2991320000,0.0018035072962026,0,2017-10-11
3157280000,-0.0016867529508860502,1,2017-10-12
3150470000,0.0008781073155288421,1,2017-10-13
2918030000,0.0017507533144689447,1,2017-10-16
2901890000,0.0006725789853143649,1,2017-10-17
2999320000,0.0007423349056041584,1,2017-10-18
3019520000,0.00032799789456050554,1,2017-10-19
3394450000,0.0051168427389869375,0,2017-10-20
3214470000,-0.003972484039719171,1,2017-10-23
3435660000,0.001617908278173541,0,2017-10-24
3885470000,-0.004663049754275228,1,2017-10-25
3891750000,0.001270946219078306,1,2017-10-26
3896100000,0.008073022498049642,0,2017-10-27
3660230000,-0.003192470570786421,1,2017-10-30
3844420000,0.0009444586571358826,1,2017-10-31
3841200000,0.0015921101716727115,1,2017-11-01
4050140000,0.00018996581088659426,1,2017-11-02
3568710000,0.0030970753849743904,1,2017-11-03
3541970000,0.0012712512404724485,0,2017-11-06
3815190000,-0.00018910292286977715,1,2017-11-07
3898450000,0.001443655000098465,0,2017-11-08
3844100000,-0.003761887644002093,0,2017-11-09
3489740000,-0.0008976438525517549,1,2017-11-10
3405200000,0.0009836343625724275,0,2017-11-13
3643580000,-0.0023096092988857952,0,2017-11-14
3586590000,-0.005525675723266343,1,2017-11-15
3329730000,0.008196058063241196,0,2017-11-16
3309800000,-0.0026259630899742037,1,2017-11-17
3023940000,0.0012756828808564435,1,2017-11-20
3351230000,0.006541139295859866,0,2017-11-21
2764110000,-0.0007502611166068096,1,2017-11-22
1385890000,0.0020560951489239088,0,2017-11-24
3017720000,-0.0003842577408796899,1,2017-11-27
3493340000,0.00984851271879017,0,2017-11-28
4090630000,-0.000369225702197995,1,2017-11-29
4965700000,0.008190950433802913,0,2017-11-30
3950930000,-0.002024530803113933,0,2017-12-01
4025840000,-0.0010521566439205543,0,2017-12-04
3547570000,-0.0037393815604747083,0,2017-12-05
3253080000,-0.00011410565998426492,1,2017-12-06
3297060000,0.0029323579853828274,1,2017-12-07
3126750000,0.005506306319651655,1,2017-12-08
3141480000,0.003201957471006933,1,2017-12-11
3568910000,0.001548922064604108,0,2017-12-12
3568360000,-0.0004729570906678582,0,2017-12-13
3442760000,-0.004070859227173984,1,2017-12-14
5736910000,0.008974343513216354,1,2017-12-15
3727770000,0.005362807225250732,0,2017-12-18
3407680000,-0.0032302694598687065,0,2017-12-19
3246230000,-0.0008278931807477186,1,2017-12-20
3293130000,0.0019856558213586784,0,2017-12-21
2401030000,-0.0004581666477052604,0,2017-12-22
1970660000,-0.0010584151831672939,1,2017-12-26
2202900000,0.0007909409391904099,1,2017-12-27
2174890000,0.0018339987251561052,0,2017-12-28
2447760000,-0.005183153157965359,1,2017-12-29
3397430000,0.008303361477520088,1,2018-01-02
3544030000,0.006398818768781567,1,2018-01-03
3697340000,0.004028636080503967,1,2018-01-04
3239280000,0.007033767443369587,1,2018-01-05
3246160000,0.0016623439316436617,1,2018-01-08
3467460000,0.0013029315960912946,0,2018-01-09
3579900000,-0.0011122268282528491,1,2018-01-10
3645690000,0.007033646478779465,1,2018-01-11
3587220000,0.006749602987881076,0,2018-01-12
4362880000,-0.003524487622672101,1,2018-01-16
3790340000,0.009415051560751175,0,2018-01-17
3703300000,-0.0016163897301626484,1,2018-01-18
3724230000,0.004385235112838837,1,2018-01-19
3489480000,0.008066726499347698,1,2018-01-22
3541140000,0.0021743654797181655,0,2018-01-23
4079270000,-0.0005599757022828333,1,2018-01-24
3873100000,0.0006026209018938911,1,2018-01-25
3474680000,0.011841196508761032,0,2018-01-26
3587420000,-0.006731974332887192,0,2018-01-29
4012070000,-0.010898815620283941,1,2018-01-30
4276270000,0.0004889853730833948,0,2018-01-31
3977380000,-0.0006480882520516484,0,2018-02-01
4340220000,-0.02120854792396809,0,2018-02-02
5310840000,-0.04097922480422822,1,2018-02-05
5917350000,0.017440920592313836,0,2018-02-06
4646300000,-0.005001588416939429,0,2018-02-07
5333840000,-0.03753641975808808,1,2018-02-08
5690110000,0.014936090208494734,1,2018-02-09
4069220000,0.013914584754042503,1,2018-02-12
3503540000,0.0026129297463290957,1,2018-02-13
4011940000,0.013402458257245842,1,2018-02-14
3696140000,0.012069112762299383,1,2018-02-15
3646920000,0.0003734693722488025,0,2018-02-16
3646920000,-0.005841389459353419,0,2018-02-20
3789040000,-0.0054965031281792864,1,2018-02-21
3720620000,0.0009735510790762625,1,2018-02-22
3200360000,0.01602837635051313,1,2018-02-23
3436590000,0.011757015343810906,0,2018-02-26
3752070000,-0.012706888443829278,0,2018-02-27
4244570000,-0.011095788639207016,0,2018-02-28
4514490000,-0.013324399541987275,1,2018-03-01
3891250000,0.005071602744632031,1,2018-03-02
3733640000,0.011032026532745043,1,2018-03-05
3389030000,0.002638858606169414,0,2018-03-06
3406690000,-0.00048387472056610203,1,2018-03-07
3206040000,0.004463078207817217,1,2018-03-08
3376870000,0.01737883151892694,0,2018-03-09
3216960000,-0.001273985129042532,0,2018-03-12
3324290000,-0.006363576551088879,0,2018-03-13
3394630000,-0.005724521948562322,0,2018-03-14
3543710000,-0.000781930531963182,1,2018-03-15
5429140000,0.001703447167811456,0,2018-03-16
3327460000,-0.014204195388793028,1,2018-03-19
3272590000,0.0014818054520648882,0,2018-03-20
3434780000,-0.0018439898833508828,0,2018-03-21
3765460000,-0.025162888405856454,0,2018-03-22
3829380000,-0.02096688071186603,1,2018-03-23
3538080000,0.02715725576151251,0,2018-03-26
3761320000,-0.017276308813847896,0,2018-03-27
3875720000,-0.00291665716625622,1,2018-03-28
3572360000,0.013769718690019195,0,2018-03-29
3635780000,-0.022337423560165104,1,2018-04-02
3395840000,0.012614865848792123,1,2018-04-03
3369230000,0.01156648273982852,1,2018-04-04
3230430000,0.0068628636575538415,0,2018-04-05
3312390000,-0.021920248779842444,1,2018-04-06
3076140000,0.0033365488963206236,1,2018-04-09
3579130000,0.0167269537832615,0,2018-04-10
3054520000,-0.005525364482924067,1,2018-04-11
3045330000,0.008250750063987677,0,2018-04-12
2988540000,-0.0028866254882486952,1,2018-04-13
3020740000,0.008109038386684864,1,2018-04-16
3286190000,0.010661504701720004,1,2018-04-17
3412030000,0.0008313658006817715,0,2018-04-18
3375120000,-0.005726124690152989,0,2018-04-19
3428260000,-0.00853653230061302,1,2018-04-20
3030390000,5.623169212687351e-05,0,2018-04-23
3716020000,-0.01338056164164636,1,2018-04-24
3563680000,0.001837059563023713,1,2018-04-25
3690920000,0.010434204774367295,1,2018-04-26
3234510000,0.0011136248915897262,0,2018-04-27
3749510000,-0.008187490964434607,1,2018-04-30
3562820000,0.0025490454770622506,0,2018-05-01
4047020000,-0.007205863568357729,0,2018-05-02
3867530000,-0.0022536742393085563,1,2018-05-03
3335260000,0.012811178963797909,1,2018-05-04
3266810000,0.0034579455015175675,0,2018-05-07
3745100000,-0.0002656413228280252,1,2018-05-08
3913650000,0.009682220255068819,1,2018-05-09
3380640000,0.009370643723504823,1,2018-05-10
2874850000,0.0017075955546570487,1,2018-05-11
2994360000,0.0008834895573073265,0,2018-05-14
3291190000,-0.006842140279927467,1,2018-05-15
3248480000,0.004060561678767671,0,2018-05-16
3478150000,-0.0008558723207806596,0,2018-05-17
3383270000,-0.00263219493841671,1,2018-05-18
3053480000,0.007386752997235124,0,2018-05-21
3384140000,-0.0031357617896576873,1,2018-05-22
3333160000,0.0032484098921563564,0,2018-05-23
3285750000,-0.002023213496498033,0,2018-05-24
3015260000,-0.0023572204364039617,0,2018-05-25
3743310000,-0.011564187290653005,1,2018-05-29
3566490000,0.012695791223314323,0,2018-05-30
4241100000,-0.006879559974886984,1,2018-05-31
3694310000,0.010849230370481022,1,2018-06-01
3410090000,0.004479598435997323,1,2018-06-04
3523550000,0.0007025929724704394,1,2018-06-05
3662780000,0.008567392465728796,0,2018-06-06
3742080000,-0.0007141884679080501,1,2018-06-07
3138850000,0.0031259043893263616,1,2018-06-08
3262130000,0.001068707668436586,1,2018-06-11
3435700000,0.0017433852107295866,0,2018-06-12
3820770000,-0.004026127868587581,1,2018-06-13
3540930000,0.002471549778432225,0,2018-06-14
5451990000,-0.001017102715529128,0,2018-06-15
3316120000,-0.0021261277624751163,0,2018-06-18
3671160000,-0.004023402292699374,1,2018-06-19
3332140000,0.0017121542893689945,0,2018-06-20
3336580000,-0.006345510515579966,1,2018-06-21
5468110000,0.0018619345065358228,0,2018-06-22
3663280000,-0.013724668973416176,1,2018-06-25
3568900000,0.0022045770199778936,0,2018-06-26
3803990000,-0.008604355128821406,1,2018-06-27
3461100000,0.00617868985946779,1,2018-06-28
3586800000,0.0007584033300001014,1,2018-06-29
3095040000,0.003067957412152822,0,2018-07-02
1911460000,-0.00494735062681062,1,2018-07-03
2980160000,0.008620803683929923,1,2018-07-05
2590250000,0.008481281595267509,1,2018-07-06
3070060000,0.008822985887663393,1,2018-07-09
3080140000,0.003473267180873929,0,2018-07-10
2986180000,-0.007094202866256172,1,2018-07-11
2834230000,0.008749042674663476,1,2018-07-12
2619790000,0.0010792374947172778,0,2018-07-13
2819860000,-0.001028135726814483,1,2018-07-16
3064920000,0.00397369863071062,1,2018-07-17
3111560000,0.0021605126279586884,0,2018-07-18
3278360000,-0.003952993120479142,0,2018-07-19
3243250000,-0.0009484477101494582,1,2018-07-20
2928490000,0.0018380494891383492,1,2018-07-23
3430410000,0.004780911145920941,1,2018-07-24
3584400000,0.009101605057599604,0,2018-07-25
3667290000,-0.0030322960242857855,0,2018-07-26
3434370000,-0.00656220869212365,0,2018-07-27
3261190000,-0.005754170294581917,1,2018-07-30
3906890000,0.004884728797982518,0,2018-07-31
3501350000,-0.0010403515262938923,1,2018-08-01
3501380000,0.004926444803381669,1,2018-08-02
3043690000,0.004644183009877123,1,2018-08-03
2879020000,0.003538227451535869,1,2018-08-06
3185440000,0.0028241822564987196,0,2018-08-07
2978070000,-0.0002623799656497061,0,2018-08-08
3066180000,-0.0014416744645237012,0,2018-08-09
3265590000,-0.007113887913551609,0,2018-08-10
3173630000,-0.004005992185342366,1,2018-08-13
2986500000,0.006389254777276809,0,2018-08-14
3656680000,-0.007602164835758152,1,2018-08-15
3232000000,0.007919408484583057,1,2018-08-16
3037640000,0.0033231157222237684,1,2018-08-17
2757150000,0.0024280177746833775,1,2018-08-20
3174010000,0.0020685364303643095,0,2018-08-21
2701250000,-0.0003981517707819515,0,2018-08-22
2724450000,-0.0016912621251551352,1,2018-08-23
2603010000,0.006198839704363079,1,2018-08-24
2865070000,0.007670409427647185,1,2018-08-27
2687770000,0.00026927832649970007,1,2018-08-28
2805520000,0.005701434129840033,0,2018-08-29
2810450000,-0.004430329054144866,1,2018-08-30
2887220000,0.00013447750859452157,0,2018-08-31
3087420000,-0.0016543221469484948,0,2018-09-04
3248780000,-0.002803126684318036,0,2018-09-05
3144240000,-0.0036523050860121087,0,2018-09-06
2976580000,-0.002213344827027508,1,2018-09-07
2751100000,0.0018978268127400888,1,2018-09-10
2904500000,0.003739841510076891,1,2018-09-11
3341280000,0.00035667194221011833,1,2018-09-12
3274090000,0.005282254329749936,1,2018-09-13
3179410000,0.00027548183892078804,0,2018-09-14
2967980000,-0.005569722252617426,1,2018-09-17
3091190000,0.005369014643958003,1,2018-09-18
3302460000,0.0012532727238796504,1,2018-09-19
3406520000,0.007840591898404803,0,2018-09-20
5652470000,-0.00036853301202766087,0,2018-09-21
3392030000,-0.0035156877607932513,0,2018-09-24
3330880000,-0.0013050961134796202,0,2018-09-25
3417540000,-0.003289278113945082,1,2018-09-26
3101360000,0.0027632870875580196,0,2018-09-27
3461680000,-6.870120538793323e-06,1,2018-09-28
3375890000,0.003641105118425747,0,2018-10-01
3432620000,-0.0003966902079042267,1,2018-10-02
3625510000,0.0007115197468861023,0,2018-10-03
3510370000,-0.008169482334351885,0,2018-10-04
3340820000,-0.005527978766503461,0,2018-10-05
3381820000,-0.00039511662920677093,0,2018-10-08
3531690000,-0.0014179036575431292,0,2018-10-09
4554260000,-0.0328642290012785,0,2018-10-10
4914090000,-0.02057300761734404,1,2018-10-11
4024010000,0.014206197825152422,0,2018-10-12
3327160000,-0.005904978964482943,1,2018-10-15
3460260000,0.02149560016316343,0,2018-10-16
3347090000,-0.00025266233815879335,0,2018-10-17
3639300000,-0.014391922356395415,0,2018-10-18
3593940000,-0.00036116989772350117,0,2018-10-19
3331270000,-0.004299527548581317,0,2018-10-22
4373710000,-0.005511829997012829,0,2018-10-23
4738670000,-0.030864433977743855,1,2018-10-24
4663930000,0.018625040052811848,0,2018-10-25
4804330000,-0.017327264039978307,0,2018-10-26
4701260000,-0.0065595995737004476,1,2018-10-29
5125600000,0.015666780052058682,1,2018-10-30
5133380000,0.010851331974038647,1,2018-10-31
4730250000,0.010557843693063784,0,2018-11-01
4261230000,-0.0063166863793988615,1,2018-11-02
3650910000,0.005600317169601965,1,2018-11-05
3543800000,0.006259295774170726,1,2018-11-06
3929080000,0.021208856064105275,0,2018-11-07
3673550000,-0.0025089163835961825,0,2018-11-08
4029030000,-0.00919901370610332,0,2018-11-09
3701570000,-0.01970148934024063,0,2018-11-12
4112820000,-0.0014819196931705747,0,2018-11-13
4449060000,-0.007567410690302756,1,2018-11-14
4204960000,0.010593753366266334,1,2018-11-15
3996970000,0.0022233054237545957,0,2018-11-16
3806940000,-0.01664310858849427,0,2018-11-19
4370820000,-0.01815124083246611,1,2018-11-20
3237400000,0.0030432907461763747,0,2018-11-21
1651680000,-0.006554842390161242,1,2018-11-23
3523520000,0.0155323683669224,1,2018-11-26
3494380000,0.003261692144003847,1,2018-11-27
3984540000,0.022973979644221654,0,2018-11-28
3599200000,-0.0021831080910337253,1,2018-11-29
4668310000,0.008170747552017188,1,2018-11-30
4221580000,0.010941426132194287,0,2018-12-03
4515710000,-0.03236490314939877,0,2018-12-04
5180430000,-0.0015222281477752508,0,2018-12-06
4242240000,-0.023320118765389863,1,2018-12-07
4162880000,0.0017621539947350051,0,2018-12-10
3963440000,-0.00035634616892232795,1,2018-12-11
4029300000,0.005419503676349802,0,2018-12-12
3978340000,-0.00019993032368359476,0,2018-12-13
4064370000,-0.019086709555430348,0,2018-12-14
4661420000,-0.020773480559224233,1,2018-12-17
4519190000,8.640058610476231e-05,0,2018-12-18
5152830000,-0.01539571453679811,0,2018-12-19
5619780000,-0.01577210632742365,0,2018-12-20
7657890000,-0.020588228309714296,0,2018-12-21
2613670000,-0.027112254452099527,1,2018-12-24
4249740000,0.04959374278953943,1,2018-12-26
4139010000,0.008562680784222065,0,2018-12-27
3728440000,-0.0012415825080966947,1,2018-12-28
3461920000,0.00849248413140935,1,2018-12-31
3733160000,0.0012684969251244294,0,2019-01-02
3858830000,-0.02475673039503723,1,2019-01-03
4234140000,0.03433571464262353,1,2019-01-04
4133120000,0.007010434848680358,1,2019-01-07
4120060000,0.009695285023358924,1,2019-01-08
4088740000,0.004098045450532162,1,2019-01-09
3721300000,0.004518418782931244,0,2019-01-10
3447460000,-0.00014629784190933748,0,2019-01-11
3689370000,-0.005257525167898014,1,2019-01-14
3601180000,0.010721688622945758,1,2019-01-15
3882180000,0.0022219854881162515,1,2019-01-16
3802410000,0.0075914003822110665,1,2019-01-17
4009010000,0.01318305304897005,0,2019-01-18
3923950000,-0.014157306164566674,1,2019-01-22
3358770000,0.0022029127742235755,1,2019-01-23
3449230000,0.0013757255543636049,1,2019-01-24
3821000000,0.008488694060713842,0,2019-01-25
3630820000,-0.007846827493937836,0,2019-01-28
3518070000,-0.0014562465775435074,1,2019-01-29
3883270000,0.01554926091974429,1,2019-01-30
4953800000,0.008597395948725328,1,2019-01-31
3782490000,0.0008986100931438479,1,2019-02-01
3369450000,0.006776236617404008,1,2019-02-04
3597620000,0.00470842037697472,0,2019-02-05
3486590000,-0.0022244379802809355,0,2019-02-06
4114040000,-0.009357140143940179,1,2019-02-07
3649510000,0.0006762010869560964,1,2019-02-08
3395330000,0.0007091030986317026,1,2019-02-11
3843020000,0.0128902247439735,1,2019-02-12
3684910000,0.003023994668760688,0,2019-02-13
3845390000,-0.002651641555101225,1,2019-02-14
3648680000,0.01087875260858695,1,2019-02-15
3535270000,0.0014987433214488366,1,2019-02-19
3904830000,0.0017771107537685182,0,2019-02-20
3598260000,-0.003526436790880272,1,2019-02-21
3429350000,0.006411102394986878,1,2019-02-22
3860260000,0.0012318625699112573,0,2019-02-25
3676200000,-0.0007904570968998437,0,2019-02-26
3771790000,-0.0005440493877303387,0,2019-02-27
4445780000,-0.0028255083152146643,1,2019-02-28
3994950000,0.00689532059343434,0,2019-03-01
3949730000,-0.003880558492514008,0,2019-03-04
3631380000,-0.001131532823106185,0,2019-03-05
3800180000,-0.006524098653592381,0,2019-03-06
3932150000,-0.00812571755868352,0,2019-03-07
3424300000,-0.0021316888487414865,1,2019-03-08
3764850000,0.014666041867757107,1,2019-03-11
3432340000,0.0029533182046204143,1,2019-03-12
3782250000,0.006949583813841809,0,2019-03-13
3505670000,-0.0008680223820187738,1,2019-03-14
5969780000,0.00498490290027398,1,2019-03-15
3620770000,0.0037059469012648005,0,2019-03-18
3650740000,-0.0001305615560248663,0,2019-03-19
3779160000,-0.0029443536044478913,1,2019-03-20
3612620000,0.010852481049954399,0,2019-03-21
4253730000,-0.018974501239482744,0,2019-03-22
3406110000,-0.000839020658475631,1,2019-03-25
3288570000,0.007182725862306283,0,2019-03-26
3422400000,-0.0046443248906916645,1,2019-03-27
3185460000,0.003589481529391092,1,2019-03-28
3752520000,0.0067342800173637585,1,2019-03-29
3560090000,0.011568600124275408,1,2019-04-01
3267210000,1.745570720723677e-05,1,2019-04-02
3570000000,0.002148376881724312,1,2019-04-03
3038740000,0.0020846350796801527,1,2019-04-04
3155970000,0.004636432770241061,1,2019-04-05
3056460000,0.0010474599539205265,0,2019-04-08
3032480000,-0.006067494393846573,1,2019-04-09
3092230000,0.0034778715639784963,1,2019-04-10
2970650000,3.8123067008344336e-05,1,2019-04-11
3726050000,0.006609324208602496,0,2019-04-12
3114530000,-0.0006293691084816588,1,2019-04-15
3403120000,0.0005093580038946222,0,2019-04-16
3648100000,-0.0022738117853239315,1,2019-04-17
3507100000,0.0015790922795098083,1,2019-04-18
3010130000,0.001012017561471401,1,2019-04-22
3674480000,0.008841205788409079,0,2019-04-23
3468480000,-0.002191763174733685,0,2019-04-24
3440010000,-0.0003689736527457965,1,2019-04-25
3264390000,0.0046852921407636305,1,2019-04-26
3150390000,0.001071522174355355,1,2019-04-29
3939760000,0.0009514170090862972,0,2019-04-30
3669330000,-0.007502163081421376,0,2019-05-01
3802290000,-0.0021239857917741967,1,2019-05-02
3357180000,0.009638279380647763,0,2019-05-03
3203260000,-0.004470988428756373,0,2019-05-06
3793060000,-0.016511651392423388,0,2019-05-07
3543110000,-0.0016054253132695706,0,2019-05-08
3659050000,-0.0030214249424966866,1,2019-05-09
3566780000,0.0037202972597878414,0,2019-05-10
3900270000,-0.02413055719884427,1,2019-05-13
3354860000,0.008015944543135589,1,2019-05-14
3140900000,0.00583897507464215,1,2019-05-15
3338470000,0.008895287120600504,0,2019-05-16
3316040000,-0.005837333350761975,0,2019-05-17
3293750000,-0.0067493779153879885,1,2019-05-20
3223050000,0.008495835590448308,0,2019-05-21
3194000000,-0.0028243962306494508,0,2019-05-22
3899320000,-0.01191414994527018,1,2019-05-23
2889230000,0.0013535590072402126,0,2019-05-24
4146980000,-0.008375676922946718,0,2019-05-28
3701110000,-0.0069119122568113145,1,2019-05-29
3276030000,0.0020984713906617714,0,2019-05-30
3982670000,-0.01319537280847849,0,2019-05-31
3952360000,-0.0027652403144732274,1,2019-06-03
3814130000,0.021432370568193138,1,2019-06-04
3570760000,0.008161854781411959,1,2019-06-05
3445140000,0.006135586748687638,1,2019-06-06
3244380000,0.01049769746289475,1,2019-06-07
3209890000,0.0046600444669098184,0,2019-06-10
3551000000,-0.00034988023558091275,0,2019-06-11
3039870000,-0.0020375791387226005,1,2019-06-12
3100640000,0.004097381912668174,0,2019-06-13
2992810000,-0.001611511904139773,1,2019-06-14
2828400000,0.0009317492412306283,1,2019-06-17
3441540000,0.009717399870633026,1,2019-06-18
3300220000,0.002985163546397107,1,2019-06-19
3943060000,0.009472185190685156,0,2019-06-20
5003540000,-0.0012592227925193322,0,2019-06-21
3136960000,-0.0017318870104667816,0,2019-06-24
3579430000,-0.009496397343734198,0,2019-06-25
3511350000,-0.0012339337557076835,1,2019-06-26
3162500000,0.003823175554131808,1,2019-06-27
5422650000,0.0057574526279098315,1,2019-06-28
3524860000,0.007672301032188189,1,2019-07-01
3224490000,0.002928125887423194,1,2019-07-02
1963570000,0.007672378673070135,0,2019-07-03
2434680000,-0.00180590159841032,0,2019-07-05
2922360000,-0.004835444424841517,1,2019-07-08
3033330000,0.0012365569653400854,1,2019-07-09
3157800000,0.0045106896075925995,1,2019-07-10
3155710000,0.002285226738359958,1,2019-07-11
2984140000,0.004620174547884881,1,2019-07-12
2876100000,0.00017586919155743175,0,2019-07-15
3297030000,-0.003403778522185874,0,2019-07-16
3185650000,-0.006531243569450895,1,2019-07-17
3369820000,0.003581997784064761,0,2019-07-18
3285890000,-0.00617673452276668,1,2019-07-19
3016200000,0.002828694915066654,1,2019-07-22
3333810000,0.006847482673755456,1,2019-07-23
3433220000,0.004688147952890187,0,2019-07-24
3657050000,-0.005262401280453521,1,2019-07-25
3260170000,0.007387691099234761,0,2019-07-26
3224490000,-0.0016161146071345112,0,2019-07-29
3632770000,-0.0025786549148275606,0,2019-07-30
4626330000,-0.010885526112695776,0,2019-07-31
4793810000,-0.00899879386967306,0,2019-08-01
3882810000,-0.007282739927037873,0,2019-08-02
4542850000,-0.0297778200029859,1,2019-08-05
4156640000,0.013017017169932643,1,2019-08-06
4512720000,0.0007668762331907164,1,2019-08-07
4118530000,0.018762303409984193,0,2019-08-08
3356850000,-0.00661660635492356,0,2019-08-09
3328570000,-0.012317322177972212,1,2019-08-12
3857190000,0.015131688322181258,0,2019-08-13
4325150000,-0.029292752911742603,1,2019-08-14
4041720000,0.0024642680276520945,1,2019-08-15
3524080000,0.014426124657807904,1,2019-08-16
3221050000,0.012105865492430645,0,2019-08-19
3067710000,-0.007914727601131322,1,2019-08-20
3016540000,0.00824679859557964,0,2019-08-21
2893660000,-0.0005060748601761755,0,2019-08-22
3942520000,-0.025946336754618105,1,2019-08-23
2859790000,0.010982987735216332,0,2019-08-26
3537490000,-0.003203180635808267,1,2019-08-27
3102480000,0.006545480165679685,1,2019-08-28
3177150000,0.012687291793508804,1,2019-08-29
3009910000,0.0006427872591217021,0,2019-08-30
3427830000,-0.00689910050906084,1,2019-09-03
3167900000,0.010842079212828093,1,2019-09-04
3902600000,0.013009813642266721,1,2019-09-05
3209340000,0.0009106051537297599,0,2019-09-06
4031120000,-9.401025965849463e-05,1,2019-09-09
4393040000,0.0003223043548219451,1,2019-09-10
3934370000,0.007229681189480308,1,2019-09-11
3796990000,0.002879153101061016,0,2019-09-12
3557010000,-0.0007244143620946941,0,2019-09-13
4285860000,-0.0031355866640028207,1,2019-09-16
3673250000,0.0025817523700197853,1,2019-09-17
3458800000,0.00034269198975556137,1,2019-09-18
3265660000,1.997472142156731e-05,0,2019-09-19
6103440000,-0.0048955765157830955,0,2019-09-20
3187250000,-9.693591923765066e-05,0,2019-09-23
3872800000,-0.008416371322106486,1,2019-09-24
3331200000,0.006158571742003405,0,2019-09-25
3084910000,-0.002428916406865711,0,2019-09-26
3246480000,-0.005316352490240539,1,2019-09-27
3249130000,0.005047606675254723,0,2019-09-30
3560750000,-0.012258373372913245,0,2019-10-01
3914180000,-0.017903202985502964,1,2019-10-02
3515130000,0.00797191259701524,1,2019-10-03
3005600000,0.014216897585460186,0,2019-10-04
2959050000,-0.004478294673592398,0,2019-10-07
3370700000,-0.015560819201407838,1,2019-10-08
2735350000,0.0091044925499415,1,2019-10-09
3234400000,0.006415695380997066,1,2019-10-10
3581320000,0.010938977513132997,0,2019-10-11
2559270000,-0.0013871187334510982,1,2019-10-14
3345090000,0.009955676641137279,0,2019-10-15
3230320000,-0.0019995427986508885,1,2019-10-16
3103470000,0.0027628315736780706,0,2019-10-17
3268970000,-0.003919344949506964,1,2019-10-18
3271960000,0.006871616056117524,0,2019-10-21
3527540000,-0.003568666378412577,1,2019-10-22
3413600000,0.0028471487971184484,1,2019-10-23
3696510000,0.0019204463587332299,1,2019-10-24
3379060000,0.004072700506109195,1,2019-10-25
3524970000,0.005581337868471481,0,2019-10-28
3594430000,-0.0008324053147991117,1,2019-10-29
3779660000,0.00325337015914573,0,2019-10-30
4149310000,-0.0030228605633046968,1,2019-10-31
3956290000,0.009662312168146059,1,2019-11-01
4178040000,0.003704089049704651,0,2019-11-04
4490590000,-0.001185699214361291,1,2019-11-05
4465510000,0.0007024972279667807,1,2019-11-06
4151990000,0.0027300951851503275,1,2019-11-07
3508160000,0.0025606760900243053,0,2019-11-08
3041120000,-0.0019624672514313435,1,2019-11-11
3495560000,0.0015646460846321375,1,2019-11-12
3513720000,0.0007115345908383919,1,2019-11-13
3282090000,0.0008370427393644686,1,2019-11-14
3359800000,0.007695488006902673,1,2019-11-15
3440140000,0.0005031528617669423,0,2019-11-18
3613670000,-0.0005925944462060739,0,2019-11-19
4041010000,-0.003756184245747196,0,2019-11-20
3744010000,-0.0015827522106851566,1,2019-11-21
3235270000,0.0021749356911917594,1,2019-11-22
3514310000,0.007507291353015866,1,2019-11-25
4600450000,0.0021955703874654287,1,2019-11-26
3035470000,0.004174424362754614,0,2019-11-27
1743420000,-0.004011219709926239,0,2019-11-29
3285750000,-0.008631020716408422,0,2019-12-02
3671580000,-0.00663809511563529,1,2019-12-03
3702980000,0.00632356747139462,1,2019-12-04
3360480000,0.0015002511791302187,1,2019-12-05
3483310000,0.009135724328457329,0,2019-12-06
3400470000,-0.00316282139344648,0,2019-12-09
3346310000,-0.0010969340964486207,1,2019-12-10
3257650000,0.002908158040315856,1,2019-12-11
4003200000,0.008575225775086182,1,2019-12-12
3757650000,7.258178414493166e-05,1,2019-12-13
4070200000,0.007147785279833618,1,2019-12-16
3842940000,0.00033529222633799094,0,2019-12-17
4029950000,-0.00043230017186479675,1,2019-12-18
3784360000,0.004459292004863613,1,2019-12-19
6457480000,0.004944781081796634,1,2019-12-20
3064530000,0.0008661436002121992,0,2019-12-23
1296530000,-0.00019544819997963092,1,2019-12-24
2164540000,0.005128166675301138,1,2019-12-26
2429150000,3.398471712534601e-05,0,2019-12-27
3021720000,-0.005780822450430323,1,2019-12-30
2894760000,0.0029460216619106028,1,2019-12-31
3459930000,0.008378802677341701,0,2020-01-02
3484700000,-0.007059870562045378,1,2020-01-03
3702460000,0.0035333728907271933,0,2020-01-06
3435910000,-0.0028032386528962228,1,2020-01-07
3726840000,0.004902451368978156,1,2020-01-08
3641230000,0.006655262605488987,0,2020-01-09
3214580000,-0.002855178689662563,1,2020-01-10
3459390000,0.006976215252569862,0,2020-01-13
3687620000,-0.001514532772802224,1,2020-01-14
3721490000,0.0018701968845122874,1,2020-01-15
3540580000,0.00836655302646827,1,2020-01-16
3726220000,0.003862162248501333,0,2020-01-17
4104840000,-0.0026519776473655776,1,2020-01-21
3623780000,0.0002890760711180551,1,2020-01-22
3766710000,0.0011409766124783616,0,2020-01-23
3708780000,-0.009042160974207403,0,2020-01-24
3831050000,-0.015730711659182384,1,2020-01-27
3531570000,0.010053584595046017,0,2020-01-28
3600250000,-0.0008668741908683941,1,2020-01-29
3790350000,0.003134358792605374,0,2020-01-30
4529700000,-0.01770582037552626,1,2020-01-31
3760460000,0.007254613892351713,1,2020-02-03
3996900000,0.014980414164082134,1,2020-02-04
4121480000,0.01125059589785371,1,2020-02-05
3887250000,0.003325672876785646,0,2020-02-06
3733920000,-0.005400853672730133,1,2020-02-07
3462730000,0.007326397804890528,1,2020-02-10
3762940000,0.0016884725532351208,1,2020-02-11
3930910000,0.006462646466197652,0,2020-02-12
3500890000,-0.0016304457368023773,1,2020-02-13
3419700000,0.0018435333204338544,0,2020-02-14
3750400000,-0.002919942636890105,1,2020-02-18
3614200000,0.004705785881164548,0,2020-02-19
4019180000,-0.00381551976362815,0,2020-02-20
3908780000,-0.01051810302712286,0,2020-02-21
4851160000,-0.03351362667122315,0,2020-02-24
5596760000,-0.030279995565056117,0,2020-02-25
5484650000,-0.0037785406053220116,0,2020-02-26
7064710000,-0.04416324258407911,0,2020-02-27
8569570000,-0.008238340444361891,1,2020-02-28
6381330000,0.046039229006110016,0,2020-03-02
6376510000,-0.028107896121075893,1,2020-03-03
5073020000,0.04220259077449118,0,2020-03-04
5579290000,-0.033922077046888544,0,2020-03-05
6555240000,-0.01705385200037013,0,2020-03-06
8441290000,-0.07596969747745097,1,2020-03-09
7642040000,0.04939630628156144,0,2020-03-10
7431200000,-0.048868445131273974,0,2020-03-11
8850810000,-0.09511268097833658,1,2020-03-12
8299070000,0.09287124972971839,0,2020-03-13
7805450000,-0.11984055240393443,1,2020-03-16
8370250000,0.05995484974402432,0,2020-03-17
8799300000,-0.051830762729157875,1,2020-03-18
7956100000,0.0047078080405855705,0,2020-03-19
9053950000,-0.04335951230846191,0,2020-03-20
7411380000,-0.02929386782180443,1,2020-03-23
7563150000,0.09382773976227554,1,2020-03-24
8300010000,0.011535011448221999,1,2020-03-25
7766990000,0.062414163303876835,0,2020-03-26
6201670000,-0.033687352562252526,1,2020-03-27
5751120000,0.03351600948370015,0,2020-03-30
6576210000,-0.016012721914555605,0,2020-03-31
5964000000,-0.04414243033166543,1,2020-04-01
6464190000,0.02282934723487151,0,2020-04-02
6096970000,-0.015137125124949469,1,2020-04-03
6403840000,0.07033131865275055,0,2020-04-06
7050410000,-0.0016030527844311804,1,2020-04-07
5875710000,0.03405645287963033,1,2020-04-08
7899550000,0.014487410153376512,0,2020-04-09
5319530000,-0.010104660822607414,1,2020-04-13
5615730000,0.030572589146256046,0,2020-04-14
5208000000,-0.022030438529415775,1,2020-04-15
5228810000,0.005816689462164515,1,2020-04-16
5804810000,0.026793594848223412,0,2020-04-17
5228630000,-0.01788104803401469,0,2020-04-20
5121010000,-0.030674795694063395,1,2020-04-21
5084920000,0.022930247703843776,0,2020-04-22
5773530000,-0.0005394221197431159,1,2020-04-23
5382810000,0.013918057304545428,1,2020-04-24
5203930000,0.014714069804799612,0,2020-04-27
5691160000,-0.005242380698498916,1,2020-04-28
6645640000,0.026583916282167053,0,2020-04-29
6544980000,-0.009212446303987654,0,2020-04-30
4759810000,-0.028059034078492195,1,2020-05-01
4735930000,0.004249827591976452,1,2020-05-04
5140290000,0.009040556385797371,0,2020-05-05
4892570000,-0.006979410390386298,1,2020-05-06
5178790000,0.011504630788313985,1,2020-05-07
4876030000,0.016871538638701944,1,2020-05-08
4819730000,0.00013307822091168653,0,2020-05-11
5119630000,-0.020500317528877154,0,2020-05-12
6151650000,-0.01746272460422804,1,2020-05-13
5651130000,0.01152482269503552,1,2020-05-14
5507700000,0.0039263632504382695,1,2020-05-15
6373670000,0.03150119163168075,0,2020-05-18
4984330000,-0.010484399194493177,1,2020-05-19
5005380000,0.01665110025908012,0,2020-05-20
4976620000,-0.007773596407737116,1,2020-05-21
3970860000,0.002353711326488428,1,2020-05-22
5848500000,0.012289184036080147,1,2020-05-26
6398000000,0.014827297215913804,0,2020-05-27
5447020000,-0.0021079145460738413,1,2020-05-28
7297550000,0.004812335824971425,1,2020-05-29
4684170000,0.003751234813537785,1,2020-06-01
5197150000,0.008210832780053412,1,2020-06-02
6005560000,0.013648979133831007,0,2020-06-03
6451290000,-0.0033687022311144066,1,2020-06-04
8639300000,0.026211650818398713,1,2020-06-05
8498300000,0.012041579421169235,0,2020-06-08
6410930000,-0.007799170822611612,0,2020-06-09
6598870000,-0.0053130910724373814,0,2020-06-10
7037320000,-0.05894405927443824,1,2020-06-11
5845330000,0.013060843963234703,1,2020-06-12
5757480000,0.008312217041285264,1,2020-06-15
5845810000,0.01896239819380252,0,2020-06-16
4560450000,-0.0036002995561740248,1,2020-06-17
4448690000,0.0005942198825281686,0,2020-06-18
8346650000,-0.005649494809462974,1,2020-06-19
4686690000,0.006495095537691675,1,2020-06-22
4711850000,0.004307419569164139,0,2020-06-23
5597680000,-0.025855145939064572,1,2020-06-24
4847690000,0.010959447267809841,0,2020-06-25
8107850000,-0.024226905044785974,1,2020-06-26
4473970000,0.014685678433118632,1,2020-06-29
4705850000,0.015409875731554612,1,2020-06-30
4449230000,0.005022132820864389,1,2020-07-01
4197720000,0.004541250844364075,1,2020-07-02
4759160000,0.01588172586745884,0,2020-07-06
4571330000,-0.010818532028197159,1,2020-07-07
4937310000,0.007827461915415501,0,2020-07-08
4843650000,-0.005643606159361103,1,2020-07-09
4524190000,0.01046620127324438,0,2020-07-10
4902440000,-0.009362541127788226,1,2020-07-13
4507140000,0.013406370782667931,1,2020-07-14
4686830000,0.009082050740923053,0,2020-07-15
3972860000,-0.0034061012455366413,1,2020-07-16
4012850000,0.002848612194617406,1,2020-07-17
3979340000,0.0084069387471426,1,2020-07-20
4556610000,0.0016790373419135474,1,2020-07-21
4267160000,0.005747082068739751,0,2020-07-22
4296760000,-0.012319859824193036,0,2020-07-23
3689410000,-0.006190400054688405,1,2020-07-24
3970310000,0.007395138795039502,0,2020-07-27
4053180000,-0.006473392152297919,1,2020-07-28
4478200000,0.01242838167815008,0,2020-07-29
4264920000,-0.003750251937389204,1,2020-07-30
5007530000,0.007670504990141325,1,2020-07-31
4438940000,0.00718102343932614,1,2020-08-03
4414380000,0.0036119303819721615,1,2020-08-04
4535060000,0.006429743053199433,1,2020-08-05
4278930000,0.00642769555966427,1,2020-08-06
4110030000,0.0006330295486443038,1,2020-08-07
4327920000,0.002742218294476073,0,2020-08-10
4880540000,-0.007969132154236114,1,2020-08-11
3772250000,0.013996549490237653,0,2020-08-12
3438730000,-0.002047174350497949,0,2020-08-13
3200060000,-0.00017188262276812694,1,2020-08-14
3460330000,0.0027098425110787527,1,2020-08-17
3669550000,0.002303389154016955,0,2020-08-18
3679480000,-0.0044043954214108005,1,2020-08-19
3431040000,0.0031586327691348615,1,2020-08-20
3505010000,0.0034411070444764214,1,2020-08-21
3743410000,0.010043718303008653,1,2020-08-24
3627650000,0.0035963511532906,1,2020-08-25
3780530000,0.010195626139483993,1,2020-08-26
3955890000,0.0016730440109038458,1,2020-08-27
3868510000,0.00673256535528588,0,2020-08-28
4348280000,-0.0021949627140287475,1,2020-08-31
4101490000,0.007525003016613407,1,2020-09-01
4295640000,0.015365910154807594,0,2020-09-02
4911830000,-0.03512584371534122,0,2020-09-03
4438720000,-0.008133027264274895,0,2020-09-04
4694330000,-0.027756342102360998,1,2020-09-08
3932520000,0.02014498633677464,0,2020-09-09
4208630000,-0.01758479659017942,1,2020-09-10
3710090000,0.0005330721905940639,1,2020-09-11
3839580000,0.012741829089357504,1,2020-09-14
4057190000,0.005219359577689042,0,2020-09-15
4718900000,-0.004618946596211537,0,2020-09-16
4379840000,-0.008412365876402483,0,2020-09-17
7076400000,-0.011182581807410497,0,2020-09-18
4836070000,-0.011571097930805796,1,2020-09-21
3974510000,0.010517945160813724,0,2020-09-22
4378650000,-0.023721455093028143,1,2020-09-23
4601920000,0.0029874591429570607,1,2020-09-24
3803330000,0.0159767237756141,1,2020-09-25
3950910000,0.016110590199083896,0,2020-09-28
3661590000,-0.0048126645432444715,1,2020-09-29
4738640000,0.008253718228220741,1,2020-09-30
4076340000,0.005292907769290922,0,2020-10-01
3975180000,-0.009577652178616392,1,2020-10-02
3692720000,0.01797270867614209,0,2020-10-05
4453390000,-0.013973515692226712,1,2020-10-06
3814750000,0.01739675486921799,1,2020-10-07
3867640000,0.008010123642494982,1,2020-10-08
3944090000,0.00879353312061526,1,2020-10-09
3435760000,0.01641581296364758,0,2020-10-12
3611100000,-0.006306918994084421,0,2020-10-13
3858510000,-0.006623141753502759,0,2020-10-14
3724550000,-0.0015277553060997207,1,2020-10-15
4688030000,0.00013491955745537076,0,2020-10-16
4091080000,-0.016329861778318078,1,2020-10-19
3917850000,0.004727334073110212,0,2020-10-20
4103960000,-0.0021956999281005363,1,2020-10-21
4172060000,0.005218925396392127,1,2020-10-22
3651600000,0.003445761353703114,0,2020-10-23
4002210000,-0.018589516294535646,0,2020-10-26
3962400000,-0.0030256189119989285,0,2020-10-27
5139970000,-0.035287878760604796,1,2020-10-28
4911860000,0.011947330894238384,0,2020-10-29
4843930000,-0.012129550130175693,1,2020-10-30
4314690000,0.01231820260127181,1,2020-11-02
4241380000,0.01779929009643455,1,2020-11-03
4790400000,0.02204704770168342,1,2020-11-04
4858150000,0.01946019413896294,0,2020-11-05
4842460000,-0.00028771518741854685,1,2020-11-06
8570510000,0.01169988923568721,0,2020-11-09
6037470000,-0.0013997945931910616,1,2020-11-10
4635560000,0.007651855318760337,0,2020-11-11
4909660000,-0.009978532303877019,1,2020-11-12
4719580000,0.013610335409063534,1,2020-11-13
5295510000,0.011648051240012336,0,2020-11-16
4812180000,-0.004791925698091615,0,2020-11-17
5284810000,-0.011563829610944043,1,2020-11-18
4363370000,0.003946442467421596,0,2020-11-19
4236370000,-0.006792562915180156,1,2020-11-20
5057550000,0.005635930617216234,1,2020-11-23
6280290000,0.016161668273416252,0,2020-11-24
4910440000,-0.001584418237524976,1,2020-11-25
2778390000,0.002396979198154181,0,2020-11-27
6308410000,-0.004595548640170977,1,2020-11-30
5418480000,0.011271187194776155,1,2020-12-01
5041250000,0.0017911667548251575,0,2020-12-02
5065340000,-0.000624157213091503,1,2020-12-03
5099620000,0.008836275129611826,0,2020-12-04
4804500000,-0.0019356376714373402,1,2020-12-07
4584390000,0.002787148065356293,0,2020-12-08
5232800000,-0.007949201604598555,0,2020-12-09
4658480000,-0.0012851080682624305,0,2020-12-10
4375470000,-0.0012649972997506032,0,2020-12-11
4623850000,-0.004359258971957769,1,2020-12-14
4387080000,0.012921249154708825,1,2020-12-15
4067040000,0.0017727951669590514,1,2020-12-16
4192810000,0.005757654753379748,0,2020-12-17
7097100000,-0.0035111185091528663,0,2020-12-18
4748580000,-0.0039062790518439305,0,2020-12-21
4053310000,-0.002073092860288006,1,2020-12-22
3779160000,0.000745811250824957,1,2020-12-23
1883780000,0.0035365890047962534,1,2020-12-24
3535460000,0.008722529021144565,0,2020-12-28
3393290000,-0.00222738052560012,1,2020-12-29
3154850000,0.0013415471654707467,1,2020-12-30
3179040000,0.006438845522919845,0,2020-12-31
5015000000,-0.014754827521051062,1,2021-01-04
4591020000,0.007082595157549276,1,2021-01-05
6064110000,0.005709842747752214,1,2021-01-06
5099160000,0.014847403800101189,1,2021-01-07
4773040000,0.005491862685268911,0,2021-01-08
4465430000,-0.006554750898592476,1,2021-01-11
4994950000,0.0004157884466327033,1,2021-01-12
4602510000,0.0022756417379066196,0,2021-01-13
5198480000,-0.0037534511943366766,0,2021-01-14
5369820000,-0.007190027975370938,1,2021-01-15
5014440000,0.008136379515524483,1,2021-01-19
4566190000,0.013935625421946263,1,2021-01-20
4501760000,0.0003167233075522802,0,2021-01-21
5110890000,-0.0030106116552376383,1,2021-01-22
7000840000,0.0036158389430824833,0,2021-01-25
6137500000,-0.0014888337468982327,0,2021-01-26
9976520000,-0.025677883699462,1,2021-01-27
6992770000,0.009760625975629766,0,2021-01-28
6643370000,-0.019311475173124593,1,2021-01-29
5436230000,0.016051767614439383,1,2021-02-01
5514090000,0.013898223484416938,1,2021-02-02
4864870000,0.0010087690809532646,1,2021-02-03
4879240000,0.010853322230420792,1,2021-02-04
4879470000,0.003897495164625342,1,2021-02-05
4648360000,0.007399348360373592,0,2021-02-08
4568320000,-0.0011135249921484514,0,2021-02-09
4837070000,-0.00034518493235935477,1,2021-02-10
4590960000,0.0016624551635393559,1,2021-02-11
4135060000,0.0047110331133788375,0,2021-02-12
5058990000,-0.0005692724183511411,0,2021-02-16
4730650000,-0.0003204020092266724,0,2021-02-17
4793650000,-0.004415835627354592,0,2021-02-18
4845320000,-0.0018548966445751658,0,2021-02-19
5917100000,-0.0077328394581538396,1,2021-02-22
6296610000,0.0012563181187927874,1,2021-02-23
6012790000,0.01135161376597904,0,2021-02-24
6547470000,-0.02447880752512621,0,2021-02-25
6526070000,-0.004750214169902844,1,2021-02-26
5114820000,0.023790763506800205,0,2021-03-01
5536010000,-0.008080851690870694,0,2021-03-02
6173660000,-0.01306622187199813,0,2021-03-03
7195400000,-0.013417213930100202,1,2021-03-04
6851070000,0.01949596819778221,0,2021-03-05
5871710000,-0.005359231030161227,1,2021-03-08
5513560000,0.01415464230382213,1,2021-03-09
5847380000,0.006030313342701321,1,2021-03-10
5312880000,0.010395487004435822,1,2021-03-11
4476280000,0.0010153984958789497,1,2021-03-12
4900100000,0.006491921301497117,0,2021-03-15
4613080000,-0.0015696837343783798,1,2021-03-16
4561660000,0.00287938213053085,0,2021-03-17
5118590000,-0.014760539319459198,0,2021-03-18
7757420000,-0.0006027039747036333,1,2021-03-19
4316260000,0.007025118077311765,0,2021-03-22
4669010000,-0.007630854183940605,0,2021-03-23
4783020000,-0.00546733601831495,1,2021-03-24
4948340000,0.005240265846959469,1,2021-03-25
5483160000,0.016631202604519668,0,2021-03-26
4628180000,-0.0008680126852336212,0,2021-03-29
4121510000,-0.0031578329337678124,1,2021-03-30
4578050000,0.0036224990395776757,1,2021-03-31
4162130000,0.011825201774944727,1,2021-04-01
4005030000,0.014438226417743616,0,2021-04-05
4081270000,-0.0009735307519511682,1,2021-04-06
4120810000,0.001475232784985625,1,2021-04-07
3907100000,0.0042206328286402695,1,2021-04-08
3640390000,0.007719934348738189,0,2021-04-09
3588900000,-0.00019607884876882142,1,2021-04-12
3734720000,0.0032944868090414303,0,2021-04-13
3985350000,-0.004087726727828533,1,2021-04-14
4033420000,0.01109419052516647,1,2021-04-15
4163820000,0.0036088195555097347,0,2021-04-16
3810290000,-0.005306560094486046,0,2021-04-19
4342650000,-0.006802319771775922,1,2021-04-20
3887250000,0.009306055472153574,0,2021-04-21
4245140000,-0.009210657476561801,1,2021-04-22
3569880000,0.010928696540176919,1,2021-04-23
3748320000,0.001782270924804541,0,2021-04-26
3710700000,-0.00021489588801437698,0,2021-04-27
3787360000,-0.0008455399168898481,1,2021-04-28
4298680000,0.006762806734045723,0,2021-04-29
4300880000,-0.007194706699326425,1,2021-04-30
4070220000,0.002748090747253684,0,2021-05-03
4452460000,-0.006678337608227225,1,2021-05-04
4230920000,0.0007034637617677753,1,2021-05-05
4511000000,0.008165456466051824,1,2021-05-06
4016080000,0.007373341616968343,0,2021-05-07
4560700000,-0.010435647322188157,0,2021-05-10
4870710000,-0.00867391280271812,0,2021-05-11
4733070000,-0.021449400664502738,1,2021-05-12
4779540000,0.012173141406923493,1,2021-05-13
4008880000,0.014917956876899785,0,2021-05-14
4125050000,-0.0025300521932207776,0,2021-05-17
4398150000,-0.008517292959364653,0,2021-05-18
4247450000,-0.002943411456817757,1,2021-05-19
3978880000,0.010554741756143349,0,2021-05-20
3995250000,-0.0007838806801412357,1,2021-05-21
3684800000,0.009911292190138532,0,2021-05-24
4182250000,-0.0021252837802967495,1,2021-05-25
4420890000,0.0018768165702687245,1,2021-05-26
6406310000,0.0011653145418315525,1,2021-05-27
4649250000,0.0007688818911402162,0,2021-05-28
5074670000,-0.0004923335226864056,1,2021-06-01
5833670000,0.0014469348384307246,0,2021-06-02
5587970000,-0.0036287033416374515,1,2021-06-03
4139790000,0.008834095710505974,0,2021-06-04
4476920000,-0.0007967387044511831,1,2021-06-07
4659620000,0.00017502486450582388,0,2021-06-08
4713260000,-0.0018238673194856947,1,2021-06-09
4408210000,0.004652243012262192,1,2021-06-10
3815010000,0.0019484346695590737,1,2021-06-11
4151200000,0.0018152018730952513,0,2021-06-14
4048940000,-0.0020116937805257917,0,2021-06-15
4538350000,-0.005390124612855707,0,2021-06-16
5312680000,-0.00043571559205179966,0,2021-06-17
6817010000,-0.013124468779900589,1,2021-06-18
4128950000,0.014002289962720793,1,2021-06-21
3828390000,0.005124491902218642,0,2021-06-22
3730350000,-0.0010832833431588806,1,2021-06-23
3816660000,0.005811249724885448,1,2021-06-24
7341450000,0.0033305973193167304,1,2021-06-25
4147890000,0.0023149642620619026,1,2021-06-28
3707150000,0.00027733619326086867,1,2021-06-29
4266040000,0.0013281596467464851,1,2021-06-30
3788230000,0.0052216268542757405,1,2021-07-01
3225840000,0.007500081663913916,0,2021-07-02
4309570000,-0.0020218560598241897,1,2021-07-06
4037380000,0.003358975310182588,0,2021-07-07
4347500000,-0.008561024934316985,1,2021-07-08
3531120000,0.011277947808795874,1,2021-07-09
3384460000,0.0034511743312370946,0,2021-07-12
3695430000,-0.0035168126585656267,1,2021-07-13
4006370000,0.0011649345752446916,0,2021-07-14
3905230000,-0.0032622408541723713,0,2021-07-15
3985700000,-0.007538854211077806,0,2021-07-16
5157660000,-0.015869512427409305,1,2021-07-19
4438270000,0.015162609437855634,1,2021-07-20
3810280000,0.008241819990835397,1,2021-07-21
3358300000,0.0020166699583279435,1,2021-07-22
4540070000,0.010145452020822843,1,2021-07-23
4275630000,0.0023821998626283314,0,2021-07-26
4241950000,-0.0047124448070912095,0,2021-07-27
4215290000,-0.0001862618826539153,1,2021-07-28
4044600000,0.004206152980007483,0,2021-07-29
3956740000,-0.0054060480514769305,0,2021-07-30
3724090000,-0.001842805614891363,1,2021-08-02
3965190000,0.0082034265474622,0,2021-08-03
4260760000,-0.004632387901412294,1,2021-08-04
3769410000,0.006005446813494242,1,2021-08-05
3451870000,0.001675266241764728,0,2021-08-06
3449280000,-0.0009399082741974318,1,2021-08-09
3886610000,0.0009926793341701323,1,2021-08-10
3532560000,0.0012757437876824707,1,2021-08-11
3375310000,0.004146380281677686,1,2021-08-12
3016470000,0.001607306655808216,1,2021-08-13
3370640000,0.002620850702215849,0,2021-08-16
3836960000,-0.00706069881494753,0,2021-08-17
3755590000,-0.010748470745585936,1,2021-08-18
4398410000,0.0012566922329095842,1,2021-08-19
3652610000,0.008141567655737925,1,2021-08-20
3576530000,0.00852379036424833,1,2021-08-23
3979220000,0.0014957363013194946,1,2021-08-24
3444700000,0.002220118224179668,0,2021-08-25
3263980000,-0.005824918819612557,1,2021-08-26
3331200000,0.008807632480425154,1,2021-08-27
3168660000,0.004306570844779589,0,2021-08-30
4290710000,-0.0013491160395050494,1,2021-08-31
4057340000,0.0003116886257619189,1,2021-09-01
3735990000,0.002842638410522902,0,2021-09-02
3217530000,-0.0003350311257153127,0,2021-09-03
3822960000,-0.003395574405981705,0,2021-09-07
3750880000,-0.001318566739775151,0,2021-09-08
3735390000,-0.004605608657393345,0,2021-09-09
3623180000,-0.007722578759925436,1,2021-09-10
3914220000,0.0022764876184568905,0,2021-09-13
3670460000,-0.00574663850657553,1,2021-09-14
4032020000,0.008473996979569742,0,2021-09-15
3984560000,-0.0015511404489350067,0,2021-09-16
7289530000,-0.009110872450405094,0,2021-09-17
4898070000,-0.01697731100841482,0,2021-09-20
3920920000,-0.0008123585165593639,1,2021-09-21
3939170000,0.009519611195260236,1,2021-09-22
3916350000,0.012134715784494876,1,2021-09-23
3384290000,0.001461009046688222,0,2021-09-24
4058650000,-0.0027763826213396126,0,2021-09-27
4416550000,-0.020364110556098214,1,2021-09-28
3712660000,0.0015691842194003325,0,2021-09-29
4448140000,-0.011909714125195148,1,2021-09-30
4010370000,0.01149147763018199,0,2021-10-01
4307870000,-0.012985898136748442,1,2021-10-04
3902890000,0.010524514660609219,1,2021-10-05
4009630000,0.004102792854185466,1,2021-10-06
3843740000,0.008298280656405366,0,2021-10-07
3280160000,-0.0019137230947889883,0,2021-10-08
3281970000,-0.006865763848056816,0,2021-10-11
3558450000,-0.0024167805585421087,1,2021-10-12
3620070000,0.00302251448379387,1,2021-10-13
3598280000,0.01706310194558336,1,2021-10-14
3819380000,0.007460210377712606,1,2021-10-15
3662010000,0.00337476955709759,1,2021-10-18
3459130000,0.007393339551406308,1,2021-10-19
3670760000,0.0036640298040166996,1,2021-10-20
3822330000,0.002995871849622578,0,2021-10-21
3758220000,-0.0010725536274130976,1,2021-10-22
3899400000,0.004748196569493546,1,2021-10-25
3879740000,0.0018197952535197182,0,2021-10-26
4226050000,-0.005051568068462853,1,2021-10-27
4132950000,0.009829281576461124,1,2021-10-28
4510200000,0.001949334719149265,1,2021-10-29
3971540000,0.0018000771431341267,1,2021-11-01
3975250000,0.0036803630854131963,1,2021-11-02
4319660000,0.006461279195357994,1,2021-11-03
4462300000,0.004181942361150437,1,2021-11-04
4467180000,0.003732799652949259,1,2021-11-05
4269710000,0.0008877879113036169,0,2021-11-08
4117080000,-0.003498775895770745,0,2021-11-09
4503720000,-0.008225823395229703,1,2021-11-10
3926870000,0.0005509400447352153,1,2021-11-11
3728600000,0.007222656026415475,0,2021-11-12
3488410000,-1.0739820344718431e-05,1,2021-11-15
3972640000,0.003865229864862485,0,2021-11-16
3969070000,-0.002601625374463401,1,2021-11-17
4226410000,0.0033847802152713324,0,2021-11-18
4253180000,-0.001398665559303236,0,2021-11-19
4441100000,-0.0031971365563219223,1,2021-11-22
4277590000,0.001657132912945114,1,2021-11-23
3418430000,0.0022938506357221833,0,2021-11-24
3517700000,-0.022724822637582465,1,2021-11-26
4336410000,0.013200199537034996,0,2021-11-29
6625990000,-0.01896131033450521,0,2021-11-30
5366730000,-0.011815187417889228,1,2021-12-01
5077180000,0.01419443613158311,0,2021-12-02
5240070000,-0.008448563730297565,1,2021-12-03
4770800000,0.011730872577451423,1,2021-12-06
4492400000,0.020707080374404274,1,2021-12-07
4234600000,0.0030852853123166657,0,2021-12-08
3903840000,-0.007181080169894716,1,2021-12-09
3870110000,0.009549073338481762,0,2021-12-10
4397230000,-0.009136167611567658,0,2021-12-13
4485430000,-0.0074706775774360246,1,2021-12-14
4910130000,0.016348464630746795,0,2021-12-15
4829500000,-0.008743415379980468,0,2021-12-16
7987090000,-0.010287680637092622,0,2021-12-17
4635700000,-0.01138805785140995,1,2021-12-20
4072430000,0.017777934551572505,1,2021-12-21
3319610000,0.010180197220578835,1,2021-12-22
2913040000,0.006223699921661829,1,2021-12-23
2770290000,0.01383893524747526,0,2021-12-27
2707920000,-0.0010101548486260992,1,2021-12-28
2963310000,0.0014018951394270118,0,2021-12-29
3124950000,-0.0029897555945093135,0,2021-12-30
